number	value	datetime_start	datetime_complete	duration	params_loss.margin	params_model.embedding_dim	params_optimizer.lr	params_regularizer.weight	params_training.batch_size	user_attrs_both.optimistic.arithmetic_mean_rank	user_attrs_both.optimistic.geometric_mean_rank	user_attrs_both.optimistic.harmonic_mean_rank	user_attrs_both.optimistic.hits_at_1	user_attrs_both.optimistic.hits_at_10	user_attrs_both.optimistic.hits_at_3	user_attrs_both.optimistic.hits_at_5	user_attrs_both.optimistic.inverse_arithmetic_mean_rank	user_attrs_both.optimistic.inverse_geometric_mean_rank	user_attrs_both.optimistic.inverse_harmonic_mean_rank	user_attrs_both.optimistic.inverse_median_rank	user_attrs_both.optimistic.median_rank	user_attrs_both.optimistic.rank_mad	user_attrs_both.optimistic.rank_std	user_attrs_both.optimistic.rank_var	user_attrs_both.pessimistic.arithmetic_mean_rank	user_attrs_both.pessimistic.geometric_mean_rank	user_attrs_both.pessimistic.harmonic_mean_rank	user_attrs_both.pessimistic.hits_at_1	user_attrs_both.pessimistic.hits_at_10	user_attrs_both.pessimistic.hits_at_3	user_attrs_both.pessimistic.hits_at_5	user_attrs_both.pessimistic.inverse_arithmetic_mean_rank	user_attrs_both.pessimistic.inverse_geometric_mean_rank	user_attrs_both.pessimistic.inverse_harmonic_mean_rank	user_attrs_both.pessimistic.inverse_median_rank	user_attrs_both.pessimistic.median_rank	user_attrs_both.pessimistic.rank_mad	user_attrs_both.pessimistic.rank_std	user_attrs_both.pessimistic.rank_var	user_attrs_both.realistic.adjusted_arithmetic_mean_rank	user_attrs_both.realistic.adjusted_arithmetic_mean_rank_index	user_attrs_both.realistic.arithmetic_mean_rank	user_attrs_both.realistic.geometric_mean_rank	user_attrs_both.realistic.harmonic_mean_rank	user_attrs_both.realistic.hits_at_1	user_attrs_both.realistic.hits_at_10	user_attrs_both.realistic.hits_at_3	user_attrs_both.realistic.hits_at_5	user_attrs_both.realistic.inverse_arithmetic_mean_rank	user_attrs_both.realistic.inverse_geometric_mean_rank	user_attrs_both.realistic.inverse_harmonic_mean_rank	user_attrs_both.realistic.inverse_median_rank	user_attrs_both.realistic.median_rank	user_attrs_both.realistic.rank_mad	user_attrs_both.realistic.rank_std	user_attrs_both.realistic.rank_var	user_attrs_failure	user_attrs_head.optimistic.arithmetic_mean_rank	user_attrs_head.optimistic.geometric_mean_rank	user_attrs_head.optimistic.harmonic_mean_rank	user_attrs_head.optimistic.hits_at_1	user_attrs_head.optimistic.hits_at_10	user_attrs_head.optimistic.hits_at_3	user_attrs_head.optimistic.hits_at_5	user_attrs_head.optimistic.inverse_arithmetic_mean_rank	user_attrs_head.optimistic.inverse_geometric_mean_rank	user_attrs_head.optimistic.inverse_harmonic_mean_rank	user_attrs_head.optimistic.inverse_median_rank	user_attrs_head.optimistic.median_rank	user_attrs_head.optimistic.rank_mad	user_attrs_head.optimistic.rank_std	user_attrs_head.optimistic.rank_var	user_attrs_head.pessimistic.arithmetic_mean_rank	user_attrs_head.pessimistic.geometric_mean_rank	user_attrs_head.pessimistic.harmonic_mean_rank	user_attrs_head.pessimistic.hits_at_1	user_attrs_head.pessimistic.hits_at_10	user_attrs_head.pessimistic.hits_at_3	user_attrs_head.pessimistic.hits_at_5	user_attrs_head.pessimistic.inverse_arithmetic_mean_rank	user_attrs_head.pessimistic.inverse_geometric_mean_rank	user_attrs_head.pessimistic.inverse_harmonic_mean_rank	user_attrs_head.pessimistic.inverse_median_rank	user_attrs_head.pessimistic.median_rank	user_attrs_head.pessimistic.rank_mad	user_attrs_head.pessimistic.rank_std	user_attrs_head.pessimistic.rank_var	user_attrs_head.realistic.adjusted_arithmetic_mean_rank	user_attrs_head.realistic.adjusted_arithmetic_mean_rank_index	user_attrs_head.realistic.arithmetic_mean_rank	user_attrs_head.realistic.geometric_mean_rank	user_attrs_head.realistic.harmonic_mean_rank	user_attrs_head.realistic.hits_at_1	user_attrs_head.realistic.hits_at_10	user_attrs_head.realistic.hits_at_3	user_attrs_head.realistic.hits_at_5	user_attrs_head.realistic.inverse_arithmetic_mean_rank	user_attrs_head.realistic.inverse_geometric_mean_rank	user_attrs_head.realistic.inverse_harmonic_mean_rank	user_attrs_head.realistic.inverse_median_rank	user_attrs_head.realistic.median_rank	user_attrs_head.realistic.rank_mad	user_attrs_head.realistic.rank_std	user_attrs_head.realistic.rank_var	user_attrs_random_seed	user_attrs_stopped_epoch	user_attrs_tail.optimistic.arithmetic_mean_rank	user_attrs_tail.optimistic.geometric_mean_rank	user_attrs_tail.optimistic.harmonic_mean_rank	user_attrs_tail.optimistic.hits_at_1	user_attrs_tail.optimistic.hits_at_10	user_attrs_tail.optimistic.hits_at_3	user_attrs_tail.optimistic.hits_at_5	user_attrs_tail.optimistic.inverse_arithmetic_mean_rank	user_attrs_tail.optimistic.inverse_geometric_mean_rank	user_attrs_tail.optimistic.inverse_harmonic_mean_rank	user_attrs_tail.optimistic.inverse_median_rank	user_attrs_tail.optimistic.median_rank	user_attrs_tail.optimistic.rank_mad	user_attrs_tail.optimistic.rank_std	user_attrs_tail.optimistic.rank_var	user_attrs_tail.pessimistic.arithmetic_mean_rank	user_attrs_tail.pessimistic.geometric_mean_rank	user_attrs_tail.pessimistic.harmonic_mean_rank	user_attrs_tail.pessimistic.hits_at_1	user_attrs_tail.pessimistic.hits_at_10	user_attrs_tail.pessimistic.hits_at_3	user_attrs_tail.pessimistic.hits_at_5	user_attrs_tail.pessimistic.inverse_arithmetic_mean_rank	user_attrs_tail.pessimistic.inverse_geometric_mean_rank	user_attrs_tail.pessimistic.inverse_harmonic_mean_rank	user_attrs_tail.pessimistic.inverse_median_rank	user_attrs_tail.pessimistic.median_rank	user_attrs_tail.pessimistic.rank_mad	user_attrs_tail.pessimistic.rank_std	user_attrs_tail.pessimistic.rank_var	user_attrs_tail.realistic.adjusted_arithmetic_mean_rank	user_attrs_tail.realistic.adjusted_arithmetic_mean_rank_index	user_attrs_tail.realistic.arithmetic_mean_rank	user_attrs_tail.realistic.geometric_mean_rank	user_attrs_tail.realistic.harmonic_mean_rank	user_attrs_tail.realistic.hits_at_1	user_attrs_tail.realistic.hits_at_10	user_attrs_tail.realistic.hits_at_3	user_attrs_tail.realistic.hits_at_5	user_attrs_tail.realistic.inverse_arithmetic_mean_rank	user_attrs_tail.realistic.inverse_geometric_mean_rank	user_attrs_tail.realistic.inverse_harmonic_mean_rank	user_attrs_tail.realistic.inverse_median_rank	user_attrs_tail.realistic.median_rank	user_attrs_tail.realistic.rank_mad	user_attrs_tail.realistic.rank_std	user_attrs_tail.realistic.rank_var	state
0	0.0016003371577932857	2021-08-07 00:44:36.802056	2021-08-07 00:51:17.313150	0 days 00:06:40.511094	1	75	0.004507588967315677	0.2345829390285611	3000	10118.732387700074	8490.254049854078	3691.4684955056814	4.3026791348746485e-05	0.00015776490161207045	4.3026791348746485e-05	4.3026791348746485e-05	9.882660808537243e-05	0.00011778210570945011	0.00027089490299524107	9.871668311944718e-05	10130.0	3260.0	4702.552736640732	22114002.240887243	10118.73255980724	8490.254189455614	3691.468518858649	4.3026791348746485e-05	0.00015776490161207045	4.3026791348746485e-05	4.3026791348746485e-05	9.882660640445366e-05	0.00011778210377281047	0.00027089490128150574	9.871668311944718e-05	10130.0	3260.0	4702.5527868760955	22114002.71335613	0.9983998207450206	0.0016003371577932857	10118.732473753656	8490.254119656685	3691.468507182821	4.3026791348746485e-05	0.00015776490161207045	4.3026791348746485e-05	4.3026791348746485e-05	9.882660724491305e-05	0.00011778210474110478	0.00027089490213832524	9.871668311944718e-05	10130.0	3260.0	4702.55276175384	22114002.47707867		10141.054615340485	8676.949070323526	4221.675756679958	2.8684527565830992e-05	0.00014342263782915495	2.8684527565830992e-05	2.8684527565830992e-05	9.860907350674249e-05	0.00011524788170304592	0.00023687276276907339	9.843004084846695e-05	10159.5	2975.5	4496.4111459464475	20217713.193391442	10141.05478744765	8676.949219188851	4221.6757897824955	2.8684527565830992e-05	0.00014342263782915495	2.8684527565830992e-05	2.8684527565830992e-05	9.860907183321557e-05	0.00011524787972580565	0.00023687276091173285	9.843004084846695e-05	10159.5	2975.5	4496.411174989885	20217713.454573918	0.9980241286029284	0.001976065870080146	10141.054701394069	8676.949144758208	4221.67577323219	2.8684527565830992e-05	0.00014342263782915495	2.8684527565830992e-05	2.8684527565830992e-05	9.8609072669979e-05	0.00011524788071439896	0.00023687276184034903	9.843004084846695e-05	10159.5	2975.5	4496.411160463383	20217713.323939662	4217340684.0	40.0	10096.410160059664	8307.57599783582	3279.580535857001	5.7369055131661984e-05	0.00017210716539498594	5.7369055131661984e-05	5.7369055131661984e-05	9.904510456160891e-05	0.00012037205561050621	0.00030491704322140875	9.902951079421667e-05	10098.0	3545.0	4899.928032603069	24009294.724689387	10096.41033216683	8307.576128503311	3279.580552744769	5.7369055131661984e-05	0.00017210716539498594	5.7369055131661984e-05	5.7369055131661984e-05	9.904510287324922e-05	0.00012037205371720854	0.0003049170416512786	9.902951079421667e-05	10098.0	3545.0	4899.928102375042	24009295.408444677	0.9987774589627071	0.0012226619879281975	10096.410246113246	8307.576063171211	3279.580544301338	5.7369055131661984e-05	0.00017210716539498594	5.7369055131661984e-05	5.7369055131661984e-05	9.904510371742907e-05	0.00012037205466383354	0.0003049170424363016	9.902951079421667e-05	10098.0	3545.0	4899.928067484666	24009295.06652401	COMPLETE
1		2021-08-07 00:51:17.314021	2021-08-07 00:54:56.018994	0 days 00:03:38.704973	3	50	0.002772015819815351	0.6879814411990146	2000																																																CUDA out of memory. Tried to allocate 1.95 GiB (GPU 0; 11.78 GiB total capacity; 1.99 GiB already allocated; 859.69 MiB free; 2.08 GiB reserved in total by PyTorch)																																																																																																	FAIL
2	-0.0010203323965600752	2021-08-07 00:54:56.019155	2021-08-07 01:03:08.531490	0 days 00:08:12.512335	2	50	0.0001510197301208727	0.4441865222328282	2000	10145.290172680856	8334.868647138961	4013.5409092308164	1.4342263782915496e-05	0.00012908037404623946	2.8684527565830992e-05	4.3026791348746485e-05	9.856790520322334e-05	0.00011997789555367036	0.0002491565484482995	9.859016070196194e-05	10143.0	3788.0	4998.620115000531	24986203.054087922	10145.290244392176	8334.868728196725	4013.540937181294	1.4342263782915496e-05	0.00012908037404623946	2.8684527565830992e-05	4.3026791348746485e-05	9.856790450650255e-05	0.00011997789438686854	0.00024915654671316226	9.859016070196194e-05	10143.0	3788.0	4998.620110458657	24986203.00868172	1.0010202317219268	-0.0010203323965600752	10145.290208536515	8334.868687669641	4013.5409232075667	1.4342263782915496e-05	0.00012908037404623946	2.8684527565830992e-05	4.3026791348746485e-05	9.856790485486296e-05	0.00011997789497024356	0.000249156547580637	9.859016070196194e-05	10143.0	3788.0	4998.620112727802	24986203.0313669		10168.860048190007	8478.180032975824	4632.127059918476	0.0	8.605358269749297e-05	0.0	0.0	9.833943974654206e-05	0.00011794984254999384	0.0002158835427147371	9.83477576711251e-05	10168.0	3572.0	4857.619200765288	23596464.2996436	10168.86010555906	8478.180133485315	4632.12711793317	0.0	8.605358269749297e-05	0.0	0.0	9.833943919174629e-05	0.00011794984115168919	0.00021588354001092152	9.83477576711251e-05	10168.0	3572.0	4857.619144432679	23596463.752358865	1.0007605733270215	-0.0007606481856299308	10168.860076874535	8478.180083233447	4632.127088929384	0.0	8.605358269749297e-05	0.0	0.0	9.833943946914416e-05	0.00011794984185080149	0.00021588354136266335	9.83477576711251e-05	10168.0	3572.0	4857.619172597508	23596464.025986895	2446215817.0	50.0	10121.720297171705	8193.979733251308	3540.705939563537	2.8684527565830992e-05	0.00017210716539498594	5.7369055131661984e-05	8.605358269749297e-05	9.879743468898546e-05	0.0001220408193032237	0.00028242955418186186	9.885818792941526e-05	10115.5	3993.5	5135.643166193424	26374830.730469216	10121.720383225289	8193.97979548626	3540.7059491723257	2.8684527565830992e-05	0.00017210716539498594	5.7369055131661984e-05	8.605358269749297e-05	9.879743384902219e-05	0.00012204081837629871	0.00028242955341540286	9.885818792941526e-05	10115.5	3993.5	5135.643210766663	26374831.188293718	1.0012812351406122	-0.0012813618980782593	10121.720340198497	8193.979764369571	3540.7059443682033	2.8684527565830992e-05	0.00017210716539498594	5.7369055131661984e-05	8.605358269749297e-05	9.879743426900382e-05	0.00012204081883974948	0.00028242955379861065	9.885818792941526e-05	10115.5	3993.5	5135.6431884779495	26374830.959359955	COMPLETE
3	0.00030387944523913024	2021-08-07 01:03:08.532188	2021-08-07 01:08:43.110752	0 days 00:05:34.578564	0	75	0.0039323677119884924	0.1836972385860176	3000	10131.870661465206	8628.829745980816	4444.276086357934	0.0	0.00017210716539498594	0.0	4.3026791348746485e-05	9.869845692003598e-05	0.00011589057026716577	0.00022500852345100277	9.864851533984413e-05	10137.0	3037.5	4540.285975144844	20614196.736096967	10131.870761861052	8628.829895948113	4444.276175603104	0.0	0.00017210716539498594	0.0	4.3026791348746485e-05	9.869845594204136e-05	0.0001158905682530114	0.00022500851893262383	9.864851533984413e-05	10137.0	3037.5	4540.285943440346	20614196.44820199	0.9996961505380798	0.00030387944523913024	10131.870711663129	8628.829820969346	4444.276130988066	0.0	0.00017210716539498594	0.0	4.3026791348746485e-05	9.869845643103866e-05	0.00011589056926002302	0.00022500852119143117	9.864851533984413e-05	10137.0	3037.5	4540.285959289831	20614196.59212438		10153.17394297516	8834.235671146775	4809.022846737877	0.0	0.00017210716539498594	0.0	2.8684527565830992e-05	9.849136886814454e-05	0.00011319598403584242	0.00020794245148540597	9.838646202282565e-05	10164.0	2722.0	4294.1517229230285	18439739.019482818	10153.17405771327	8834.23578251592	4809.022883229287	0.0	0.00017210716539498594	0.0	2.8684527565830992e-05	9.849136775512181e-05	0.00011319598260883275	0.00020794244990751513	9.838646202282565e-05	10164.0	2722.0	4294.151738322242	18439739.151735928	0.9992168401235886	0.000783236958076583	10153.174000344214	8834.235726833082	4809.022864984837	0.0	0.00017210716539498594	0.0	2.8684527565830992e-05	9.849136831163319e-05	0.00011319598332231535	0.0002079424506964063	9.838646202282565e-05	10164.0	2722.0	4294.151730619295	18439739.085580688	2354842986.0	30.0	10110.567379955251	8428.199739826347	4130.958055631757	0.0	0.00017210716539498594	0.0	5.7369055131661984e-05	9.890641765392458e-05	0.00011864930007230748	0.0002420745954165995	9.890218573830482e-05	10111.0	3374.5	4773.6513061916185	22787746.793104943	10110.567466008835	8428.199926536612	4130.958182915942	0.0	0.00017210716539498594	0.0	5.7369055131661984e-05	9.890641681210716e-05	0.00011864929744386456	0.00024207458795773247	9.890218573830482e-05	10111.0	3374.5	4773.651231902024	22787746.083839715	1.0001779437681404	-0.0001779613727943552	10110.567422982043	8428.199833189325	4130.958119285963	0.0	0.00017210716539498594	0.0	5.7369055131661984e-05	9.890641723301587e-05	0.00011864929875797556	0.00024207459168645607	9.890218573830482e-05	10111.0	3374.5	4773.651269044568	22787746.438450817	COMPLETE
4		2021-08-07 01:08:43.111466	2021-08-07 01:11:24.751360	0 days 00:02:41.639894	3	75	0.006808799287054757	0.7272107716120289	3000																																																CUDA out of memory. Tried to allocate 1.46 GiB (GPU 0; 11.78 GiB total capacity; 1.52 GiB already allocated; 1.25 GiB free; 1.54 GiB reserved in total by PyTorch)																																																																																																	FAIL
5	0.001511294812186481	2021-08-07 01:11:24.751511	2021-08-07 01:16:25.550589	0 days 00:05:00.799078	1	50	0.0007605751629726533	0.23598059857016607	3000	10119.634759910505	8608.078894877432	3791.414220385237	2.8684527565830992e-05	0.00015776490161207045	8.605358269749297e-05	0.00011473811026332397	9.881779567396598e-05	0.0001161699389854673	0.000263753824265182	9.831874938550782e-05	10171.0	3056.0	4551.165547456315	20713107.840353336	10119.634888990879	8608.078978430241	3791.414231213813	2.8684527565830992e-05	0.00015776490161207045	8.605358269749297e-05	0.00011473811026332397	9.881779441350172e-05	0.00011616993785788415	0.00026375382351188047	9.831874938550782e-05	10171.0	3056.0	4551.165650551684	20713108.77876153	0.9984888543049557	0.001511294812186481	10119.634824450692	8608.07893665464	3791.414225799741	2.8684527565830992e-05	0.00015776490161207045	8.605358269749297e-05	0.00011473811026332397	9.881779504373385e-05	0.00011616993842166488	0.00026375382388851626	9.831874938550782e-05	10171.0	3056.0	4551.165599000455	20713108.30952517		10147.41761803683	8800.25426164373	4268.010574326737	2.8684527565830992e-05	0.00011473811026332397	5.7369055131661984e-05	5.7369055131661984e-05	9.854724006061603e-05	0.00011363308039388602	0.00023430120019272594	9.809691975671964e-05	10194.0	2753.5	4314.729873406755	18616893.880468674	10147.417790143996	8800.25438551546	4268.010595693743	2.8684527565830992e-05	0.00011473811026332397	5.7369055131661984e-05	5.7369055131661984e-05	9.854723838918725e-05	0.00011363307879439518	0.00023430119901974027	9.809691975671964e-05	10194.0	2753.5	4314.729967300406	18616894.690720167	0.9986503386381081	0.0013497942008540154	10147.417704090414	8800.254323580877	4268.010585010692	2.8684527565830992e-05	0.00011473811026332397	5.7369055131661984e-05	5.7369055131661984e-05	9.854723922490162e-05	0.00011363307959412403	0.0002343011996062083	9.809691975671964e-05	10194.0	2753.5	4314.729920348596	18616894.285551403	4009473535.0	30.0	10091.851901784177	8420.100153628262	3410.566192079319	2.8684527565830992e-05	0.00020079169296081692	0.00011473811026332397	0.00017210716539498594	9.908984096597832e-05	0.0001187634329467085	0.00029320644833763813	9.859988168014199e-05	10142.0	3399.0	4775.7489492043715	22807778.025826655	10091.851987837761	8420.100198564034	3410.5661959599447	2.8684527565830992e-05	0.00020079169296081692	0.00011473811026332397	0.00017210716539498594	9.90898401210357e-05	0.00011876343231290053	0.00029320644800402067	9.859988168014199e-05	10142.0	3399.0	4775.749060368428	22807779.087609924	0.9983265334871276	0.0016736320752802625	10091.85194481097	8420.100176096492	3410.566194019693	2.8684527565830992e-05	0.00020079169296081692	0.00011473811026332397	0.00017210716539498594	9.9089840543507e-05	0.00011876343262979966	0.00029320644817082414	9.859988168014199e-05	10142.0	3399.0	4775.749004784148	22807778.556696784	COMPLETE
6		2021-08-07 01:16:25.551270	2021-08-07 01:22:04.075701	0 days 00:05:38.524431	1	25	0.003027298829337909	0.4365541356963474	2000																																																CUDA out of memory. Tried to allocate 1.95 GiB (GPU 0; 11.78 GiB total capacity; 2.05 GiB already allocated; 81.69 MiB free; 3.94 GiB reserved in total by PyTorch)																																																																																																	FAIL
7		2021-08-07 01:22:04.075847	2021-08-07 01:25:03.520743	0 days 00:02:59.444896	1	50	0.06799548167126573	0.8944552714859635	3000																																																CUDA out of memory. Tried to allocate 1.95 GiB (GPU 0; 11.78 GiB total capacity; 2.03 GiB already allocated; 59.69 MiB free; 3.96 GiB reserved in total by PyTorch)																																																																																																	FAIL
8		2021-08-07 01:25:03.520891	2021-08-07 01:28:02.269005	0 days 00:02:58.748114	0	75	0.0017558145187330872	0.3241126270021177	4000																																																CUDA out of memory. Tried to allocate 1.46 GiB (GPU 0; 11.78 GiB total capacity; 1.54 GiB already allocated; 1.02 GiB free; 2.99 GiB reserved in total by PyTorch)																																																																																																	FAIL
9	-0.0009248017510363749	2021-08-07 01:28:02.269177	2021-08-07 01:35:16.257673	0 days 00:07:13.988496	1	50	0.0036178899962103603	0.985704187754598	3000	10144.322041190982	8472.41671605983	3909.4789891015075	2.8684527565830992e-05	0.00014342263782915495	4.3026791348746485e-05	8.605358269749297e-05	9.857731211011477e-05	0.00011803007731010882	0.0002557885597512379	9.845911485255748e-05	10156.5	3446.5	4799.687500968021	23037000.106948644	10144.322170271356	8472.41683618539	3909.479015390638	2.8684527565830992e-05	0.00014342263782915495	4.3026791348746485e-05	8.605358269749297e-05	9.8577310855778e-05	0.00011803007563662776	0.00025578855803119825	9.845911485255748e-05	10156.5	3446.5	4799.687500901088	23037000.106306136	1.0009247105022654	-0.0009248017510363749	10144.32210573117	8472.416776124432	3909.4790022469365	2.8684527565830992e-05	0.00014342263782915495	4.3026791348746485e-05	8.605358269749297e-05	9.857731148294638e-05	0.0001180300764733429	0.00025578855889116155	9.845911485255748e-05	10156.5	3446.5	4799.687500931193	23037000.106595125		10172.545780505996	8657.033184570657	4152.178508033043	2.8684527565830992e-05	0.00017210716539498594	2.8684527565830992e-05	0.00011473811026332397	9.830380925061403e-05	0.00011551301452584125	0.00024083742981313125	9.815469179426777e-05	10188.0	3198.0	4611.988257484943	21270435.687179	10172.545981297688	8657.033381544361	4152.178557550337	2.8684527565830992e-05	0.00017210716539498594	2.8684527565830992e-05	0.00011473811026332397	9.830380731023565e-05	0.00011551301189757065	0.00024083742694099613	9.815469179426777e-05	10188.0	3198.0	4611.988249988379	21270435.618030865	1.0011233089063938	-0.0011234194668598985	10172.545880901842	8657.033283060624	4152.178532793382	2.8684527565830992e-05	0.00017210716539498594	2.8684527565830992e-05	0.00011473811026332397	9.830380828042483e-05	0.00011551301321166436	0.00024083742837696553	9.815469179426777e-05	10188.0	3198.0	4611.98825373122	21270435.652554747	3392668812.0	40.0	10116.098301875969	8291.73730539766	3693.584790421501	2.8684527565830992e-05	0.00011473811026332397	5.7369055131661984e-05	5.7369055131661984e-05	9.885234110611164e-05	0.00012060198763762467	0.0002707396896893446	9.879958504174282e-05	10121.5	3724.0	4980.157765352062	24801971.36779644	10116.098359245023	8291.737351863148	3693.5847981697175	2.8684527565830992e-05	0.00011473811026332397	5.7369055131661984e-05	5.7369055131661984e-05	9.885234054551356e-05	0.00012060198696179162	0.00027073968912140044	9.879958504174282e-05	10121.5	3724.0	4980.157771352602	24801971.427563716	1.0007250833635317	-0.0007251550987870115	10116.098330560495	8291.73732863098	3693.5847942958126	2.8684527565830992e-05	0.00011473811026332397	5.7369055131661984e-05	5.7369055131661984e-05	9.885234082581261e-05	0.00012060198729969978	0.0002707396894053576	9.879958504174282e-05	10121.5	3724.0	4980.157768350892	24801971.397665735	COMPLETE
10	0.001801260041996544	2021-08-07 01:35:16.258353	2021-08-07 01:40:55.770636	0 days 00:05:39.512283	3	25	0.004317218400420046	0.6070295271268181	2000	10116.696259537606	8410.388966439124	3876.6255369063642	1.4342263782915496e-05	0.00014342263782915495	5.7369055131661984e-05	0.00011473811026332397	9.884649833756164e-05	0.00011890056500245197	0.00025795630516276864	9.859016070196194e-05	10143.0	3527.0	4836.18735697757	23388708.15178969	10116.696402960244	8410.389141945127	3876.6255966841295	1.4342263782915496e-05	0.00014342263782915495	5.7369055131661984e-05	0.00011473811026332397	9.88464969362321e-05	0.00011890056252126324	0.00025795630118506923	9.859016070196194e-05	10143.0	3527.0	4836.187328596755	23388707.877279814	0.9981989176855703	0.001801260041996544	10116.696331248924	8410.389054196308	3876.6255667987375	1.4342263782915496e-05	0.00014342263782915495	5.7369055131661984e-05	0.00011473811026332397	9.884649763689687e-05	0.00011890056376179846	0.00025795630317368667	9.859016070196194e-05	10143.0	3527.0	4836.187342783455	23388708.0144989		10148.517526246344	8606.686550726814	5207.007850561343	0.0	0.0	0.0	0.0	9.853655939537726e-05	0.00011618873234271003	0.00019204887503524595	9.832841691248771e-05	10170.0	3284.0	4642.844603307747	21556006.01046387	10148.517640984453	8606.686666712058	5207.007901079291	0.0	0.0	0.0	0.0	9.853655828133293e-05	0.00011618873077692997	0.0001920488731720041	9.832841691248771e-05	10170.0	3284.0	4642.844596338277	21556005.945747543	0.9987585824388578	0.0012415397463250155	10148.517583615398	8606.686608721438	5207.007875822327	0.0	0.0	0.0	0.0	9.85365588383551e-05	0.00011618873155979296	0.00019204887410355088	9.832841691248771e-05	10170.0	3284.0	4642.844599819924	21556005.978077028	1131939052.0	30.0	10084.874992828869	8218.5684525513	3087.7183550781388	2.8684527565830992e-05	0.0002868452756583099	0.00011473811026332397	0.00022947622052664794	9.915839320874854e-05	0.0001216756915481514	0.0003238637352902913	9.884353069091628e-05	10117.0	3775.0	5021.890590911516	25219385.10708561	10084.875164936033	8218.568684802665	3087.718413160792	2.8684527565830992e-05	0.0002868452756583099	0.00011473811026332397	0.00022947622052664794	9.915839151652432e-05	0.0001216756881096761	0.0003238637291981344	9.884353069091628e-05	10117.0	3775.0	5021.8905430558025	25219384.6264333	0.9976363538833133	0.0023638799611881423	10084.87507888245	8218.568568683253	3087.7183841231877	2.8684527565830992e-05	0.0002868452756583099	0.00011473811026332397	0.00022947622052664794	9.915839236263641e-05	0.0001216756898288209	0.0003238637322438224	9.884353069091628e-05	10117.0	3775.0	5021.890566979377	25219384.86671644	COMPLETE
11		2021-08-07 01:40:55.771342	2021-08-07 01:43:57.854246	0 days 00:03:02.082904	1	50	0.042302937472591146	0.6844877581348686	3000																																																CUDA out of memory. Tried to allocate 1.95 GiB (GPU 0; 11.78 GiB total capacity; 2.03 GiB already allocated; 59.69 MiB free; 3.96 GiB reserved in total by PyTorch)																																																																																																	FAIL
12	-0.0014964995919155566	2021-08-07 01:43:57.854407	2021-08-07 01:54:31.810045	0 days 00:10:33.955638	2	75	0.010569809326914996	0.6286544670746439	4000	10150.115584303827	8415.101793023852	3721.044392828889	1.4342263782915496e-05	0.00018644942917790143	5.7369055131661984e-05	0.00010039584648040846	9.852104556783603e-05	0.00011883397546408808	0.0002687417548490356	9.859016070196194e-05	10143.0	3578.0	4883.7377237611545	23850894.15448778	10150.115742068729	8415.101991386095	3721.044462823429	1.4342263782915496e-05	0.00018644942917790143	5.7369055131661984e-05	0.00010039584648040846	9.852104403650738e-05	0.00011883397266291301	0.0002687417497938809	9.859016070196194e-05	10143.0	3578.0	4883.73770502249	23850893.971458342	1.001496351934595	-0.0014964995919155566	10150.115663186278	8415.101892210309	3721.044427830807	1.4342263782915496e-05	0.00018644942917790143	5.7369055131661984e-05	0.00010039584648040846	9.85210448021717e-05	0.00011883397406342518	0.0002687417523211226	9.859016070196194e-05	10143.0	3578.0	4883.737714387786	23850894.06293363		10172.58048878435	8576.894728416943	4236.54096882006	2.8684527565830992e-05	0.00011473811026332397	2.8684527565830992e-05	5.7369055131661984e-05	9.830347384348911e-05	0.00011659231361285138	0.0002360416215397806	9.832358291136128e-05	10170.5	3349.5	4727.0616434477415	22345111.780954864	10172.580746945097	8576.895076985682	4236.541137024226	2.8684527565830992e-05	0.00011473811026332397	2.8684527565830992e-05	5.7369055131661984e-05	9.830347134873395e-05	0.00011659230887448915	0.00023604161216817697	9.832358291136128e-05	10170.5	3349.5	4727.061619437731	22345111.55396126	1.0011267275179812	-0.0011268384149203392	10172.580617864724	8576.894902711374	4236.541052933817	2.8684527565830992e-05	0.00011473811026332397	2.8684527565830992e-05	5.7369055131661984e-05	9.830347259611152e-05	0.00011659231124353344	0.00023604161685332828	9.832358291136128e-05	10170.5	3349.5	4727.061631435911	22345111.667393535	3119469332.0	50.0	10127.650679823304	8256.36088925434	3317.388987010618	0.0	0.0002581607480924789	8.605358269749297e-05	0.00014342263782915495	9.873958251662832e-05	0.00012111873662178463	0.0003014418881582907	9.888262632255513e-05	10113.0	3814.0	5035.441111179244	25355667.18415406	10127.650737192358	8256.360942952957	3317.3889951401275	0.0	0.0002581607480924789	8.605358269749297e-05	0.00014342263782915495	9.873958195730844e-05	0.00012111873583403944	0.00030144188741958487	9.888262632255513e-05	10113.0	3814.0	5035.44109647479	25355667.036067236	1.0018678909961414	-0.0018680757937030723	10127.65070850783	8256.360916104419	3317.3889910756034	0.0	0.0002581607480924789	8.605358269749297e-05	0.00014342263782915495	9.873958223696839e-05	0.00012111873622790073	0.0003014418877889168	9.888262632255513e-05	10113.0	3814.0	5035.441103825593	25355667.11009631	COMPLETE
13	-0.0023622450055234	2021-08-07 01:54:31.810796	2021-08-07 01:58:55.482797	0 days 00:04:23.672001	3	25	0.00038253297826090787	0.25122971079150525	3000	10158.88899087832	8503.373285801077	4246.692101581031	1.4342263782915496e-05	0.00010039584648040846	1.4342263782915496e-05	5.7369055131661984e-05	9.8435960949854e-05	0.0001176003882682416	0.0002354773965429947	9.830425165888424e-05	10172.5	3497.5	4793.958518228288	22982038.274493564	10158.88917732775	8503.373502254159	4246.692208351261	1.4342263782915496e-05	0.00010039584648040846	1.4342263782915496e-05	5.7369055131661984e-05	9.843595914322647e-05	0.00011760038527472774	0.00023547739062262785	9.830425165888424e-05	10172.5	3497.5	4793.958547675784	22982038.556833707	1.00236201192643	-0.0023622450055234	10158.889084103035	8503.373394033915	4246.692154975064	1.4342263782915496e-05	0.00010039584648040846	1.4342263782915496e-05	5.7369055131661984e-05	9.843596004654022e-05	0.00011760038677139756	0.00023547739358231674	9.830425165888424e-05	10172.5	3497.5	4793.958532947175	22982038.41561703		10190.390425104699	8694.629708122644	4345.806266132903	2.8684527565830992e-05	0.00011473811026332397	2.8684527565830992e-05	5.7369055131661984e-05	9.813166701998326e-05	0.00011501352370024294	0.00023010689818205948	9.810654370646523e-05	10193.0	3270.0	4610.208179240758	21254019.455938384	10190.390597211865	8694.62993930582	4345.806365643374	2.8684527565830992e-05	0.00011473811026332397	2.8684527565830992e-05	5.7369055131661984e-05	9.813166536262157e-05	0.00011501352064212638	0.0002301068929130613	9.810654370646523e-05	10193.0	3270.0	4610.208102447201	21254018.74786982	1.0028794745209502	-0.002879757930120297	10190.39051115828	8694.629823719944	4345.806315894225	2.8684527565830992e-05	0.00011473811026332397	2.8684527565830992e-05	5.7369055131661984e-05	9.813166619130241e-05	0.00011501352217110908	0.0002301068955472381	9.810654370646523e-05	10193.0	3270.0	4610.208140839314	21254019.101861082	112111393.0	30.0	10127.387556651942	8316.323945357311	4151.998091570959	0.0	8.605358269749297e-05	0.0	5.7369055131661984e-05	9.874214790399455e-05	0.0001202454361531049	0.0002408478949039299	9.864364981504316e-05	10137.5	3728.5	4970.721518284052	24708072.41233211	10127.387757443636	8316.32414761649	4151.998204861689	0.0	8.605358269749297e-05	0.0	5.7369055131661984e-05	9.874214594627321e-05	0.00012024543322864661	0.00024084788833219446	9.864364981504316e-05	10137.5	3728.5	4970.721646490392	24708073.68688816	1.0018418688890327	-0.0018420511121282068	10127.387657047788	8316.324046493733	4151.998148227818	0.0	8.605358269749297e-05	0.0	5.7369055131661984e-05	9.874214692513388e-05	0.00012024543469077693	0.00024084789161739543	9.864364981504316e-05	10137.5	3728.5	4970.721582382174	24708073.049559943	COMPLETE
14	-0.0004961408842483195	2021-08-07 01:58:55.483503	2021-08-07 02:17:03.535902	0 days 00:18:08.052399	3	25	0.014799569228952916	0.6309764823307561	1000	10139.978013309621	8421.737752210007	4129.903817495446	1.4342263782915496e-05	0.00010039584648040846	1.4342263782915496e-05	5.7369055131661984e-05	9.861954322656433e-05	0.00011874033951455958	0.00024213638965723993	9.846396218983852e-05	10156.0	3503.5	4849.070415436048	23513483.89385713	10139.978142389995	8421.73797965806	4129.903949837394	1.4342263782915496e-05	0.00010039584648040846	1.4342263782915496e-05	5.7369055131661984e-05	9.86195419711526e-05	0.00011874033630770853	0.00024213638189802763	9.846396218983852e-05	10156.0	3503.5	4849.070345079517	23513483.211529586	1.000496091930788	-0.0004961408842483195	10139.978077849808	8421.737865942208	4129.90388367763	1.4342263782915496e-05	0.00010039584648040846	1.4342263782915496e-05	5.7369055131661984e-05	9.861954259885845e-05	0.00011874033791101878	0.00024213638577697647	9.846396218983852e-05	10156.0	3503.5	4849.070380254456	23513483.55266109		10164.983449027595	8622.819754302125	4217.524905175433	2.8684527565830992e-05	8.605358269749297e-05	2.8684527565830992e-05	8.605358269749297e-05	9.837694325962352e-05	0.0001159713444666493	0.00023710589089180587	9.828975820719482e-05	10174.0	3164.0	4616.428672011081	21311413.683765993	10164.98362113476	8622.820060233444	4217.525099849935	2.8684527565830992e-05	8.605358269749297e-05	2.8684527565830992e-05	8.605358269749297e-05	9.837694159396647e-05	0.00011597134035207122	0.0002371058799473609	9.828975820719482e-05	10174.0	3164.0	4616.428607949732	21311413.092296705	1.0003790664365424	-0.00037910374574701144	10164.983535081177	8622.819907279585	4217.525002530618	2.8684527565830992e-05	8.605358269749297e-05	2.8684527565830992e-05	8.605358269749297e-05	9.837694242679499e-05	0.00011597134240920152	0.00023710588541857503	9.828975820719482e-05	10174.0	3164.0	4616.4286399757475	21311413.38798833	340665629.0		10114.972577591647	8225.344932162452	4045.84937076978	0.0	0.00011473811026332397	0.0	2.8684527565830992e-05	9.886334266643141e-05	0.0001215754485978862	0.000247166888422674	9.874592673052236e-05	10127.0	3888.0	5070.927288013246	25714303.560317367	10114.97266364523	8225.345084621322	4045.849445640783	0.0	0.00011473811026332397	0.0	2.8684527565830992e-05	9.886334182534709e-05	0.00012157544634445425	0.00024716688384869437	9.874592673052236e-05	10127.0	3888.0	5070.927211351783	25714302.782827966	1.0006137236140715	-0.0006137843320832559	10114.972620618439	8225.345008396598	4045.8494082102943	0.0	0.00011473811026332397	0.0	2.8684527565830992e-05	9.886334224588925e-05	0.00012157544747110058	0.0002471668861353779	9.874592673052236e-05	10127.0	3888.0	5070.927249680393	25714303.171551157	COMPLETE
15	-0.0004039948541136873	2021-08-07 02:17:03.536612	2021-08-07 02:25:20.518623	0 days 00:08:16.982011	2	75	0.00028788003404415976	0.16737004770327552	3000	10139.044231541506	8523.741996831159	4209.854182282854	0.0	0.00014342263782915495	2.8684527565830992e-05	5.7369055131661984e-05	9.862862585105454e-05	0.00011731936517691015	0.00023753791858361603	9.855129594954174e-05	10147.0	3337.0	4710.917878690012	22192747.2597612	10139.04431759509	8523.742607234602	4209.858011494681	0.0	0.00014342263782915495	2.8684527565830992e-05	5.7369055131661984e-05	9.862862501395921e-05	0.00011731935677541941	0.00023753770252335827	9.855129594954174e-05	10147.0	3337.0	4710.917840560219	22192746.900508557	1.0004039549925607	-0.0004039948541136873	10139.044274568298	8523.742302263083	4209.856100421722	0.0	0.00014342263782915495	2.8684527565830992e-05	5.7369055131661984e-05	9.862862543250687e-05	0.00011731936097299617	0.00023753781035409384	9.855129594954174e-05	10147.0	3337.0	4710.917859622832	22192747.080113366		10163.289598990305	8720.620355983861	4767.026112393897	0.0	0.00014342263782915495	2.8684527565830992e-05	5.7369055131661984e-05	9.839333911131956e-05	0.00011467074120636683	0.00020977439108212095	9.828009828009828e-05	10175.0	3054.0	4494.90690175913	20204188.05548186	10163.289713728414	8720.621511426403	4767.0358671958875	0.0	0.00014342263782915495	2.8684527565830992e-05	5.7369055131661984e-05	9.839333800051133e-05	0.00011467072601301708	0.0002097739618200586	9.828009828009828e-05	10175.0	3054.0	4494.906832007643	20204187.42842899	1.0002123646599443	-0.00021238556170666278	10163.28965635936	8720.620934173032	4767.030998847313	0.0	0.00014342263782915495	2.8684527565830992e-05	5.7369055131661984e-05	9.839333855591543e-05	0.00011467073360353886	0.00020977417605251656	9.828009828009828e-05	10175.0	3054.0	4494.9068668801965	20204187.74192674	2527787103.0	40.0	10114.798864092709	8331.308400404074	3769.2972079737206	0.0	0.00014342263782915495	2.8684527565830992e-05	5.7369055131661984e-05	9.88650405644719e-05	0.00012002916612131408	0.00026530144608511114	9.89853996535511e-05	10102.5	3631.5	4917.329639993142	24180130.788355086	10114.798921461763	8331.308489789408	3769.2972485854866	0.0	0.00014342263782915495	2.8684527565830992e-05	5.7369055131661984e-05	9.886504000372978e-05	0.00012002916483353952	0.0002653014432266578	9.89853996535511e-05	10102.5	3631.5	4917.329630411286	24180130.6941208	1.0005965377581527	-0.0005965967759022917	10114.798892777237	8331.308445099701	3769.297228282634	0.0	0.00014342263782915495	2.8684527565830992e-05	5.7369055131661984e-05	9.886504028410083e-05	0.00012002916547738414	0.0002653014446556712	9.89853996535511e-05	10102.5	3631.5	4917.3296352007565	24180130.741223603	COMPLETE
16	-0.0018019485702789328	2021-08-07 02:25:20.519347	2021-08-07 02:42:05.843829	0 days 00:16:45.324482	3	100	0.060494899144332544	0.9112880805340424	1000	10153.210974700247	8610.646863217744	4132.44987096284	0.0	0.00014342263782915495	5.7369055131661984e-05	0.00011473811026332397	9.849100964136353e-05	0.00011613529342048832	0.00024198720643331243	9.82994200334218e-05	10173.0	3046.0	4590.620735331057	21073798.73565146	10153.211161149677	8610.647101535831	4132.449974376629	0.0	0.00014342263782915495	5.7369055131661984e-05	0.00011473811026332397	9.849100783271479e-05	0.00011613529020619551	0.00024198720037762775	9.82994200334218e-05	10173.0	3046.0	4590.620721049332	21073798.60452749	1.001801770774776	-0.0018019485702789328	10153.211067924962	8610.64698238331	4132.449922676958	0.0	0.00014342263782915495	5.7369055131661984e-05	0.00011473811026332397	9.849100873703914e-05	0.00011613529181325391	0.00024198720340504708	9.82994200334218e-05	10173.0	3046.0	4590.620728185118	21073798.670042865		10165.221932189777	8805.67396933153	4925.111650210342	0.0	8.605358269749297e-05	0.0	5.7369055131661984e-05	9.837463526825149e-05	0.0001135631416156001	0.00020304108231887329	9.816432708353784e-05	10187.0	2670.0	4327.117981154468	18723950.022830322	10165.222075612415	8805.674095782475	4925.111696265476	0.0	8.605358269749297e-05	0.0	5.7369055131661984e-05	9.837463388026905e-05	0.0001135631399848145	0.00020304108042021906	9.816432708353784e-05	10187.0	2670.0	4327.118049827013	18723950.617138736	1.0004025351627455	-0.00040257478183414186	10165.222003901095	8805.674032559107	4925.111673239844	0.0	8.605358269749297e-05	0.0	5.7369055131661984e-05	9.837463457426028e-05	0.00011356314080018015	0.0002030410813694664	9.816432708353784e-05	10187.0	2670.0	4327.118015486599	18723950.319948677	1190926428.0	40.0	10141.200017210716	8419.93919616698	3559.563395522502	0.0	0.00020079169296081692	0.00011473811026332397	0.00017210716539498594	9.860765967566872e-05	0.00011876570325534313	0.0002809333305477516	9.851246182642104e-05	10151.0	3466.0	4839.76847816845	23423358.922272958	10141.200246686936	8419.939541334912	3559.5635249226275	0.0	0.00020079169296081692	0.00011473811026332397	0.00017210716539498594	9.86076574443635e-05	0.00011876569838664877	0.00028093332033503647	9.851246182642104e-05	10151.0	3466.0	4839.768389890551	23423358.067783777	1.003208254391143	-0.0032085717959537963	10141.200131948826	8419.939368761676	3559.563460232271	0.0	0.00020079169296081692	0.00011473811026332397	0.00017210716539498594	9.860765856001609e-05	0.00011876570082084456	0.00028093332544062787	9.851246182642104e-05	10151.0	3466.0	4839.7684340235755	23423358.494971015	COMPLETE
17	0.0033208879570105765	2021-08-07 02:42:05.844561	2021-08-07 02:50:50.771601	0 days 00:08:44.927040	0	100	0.0012288688479672272	0.43914194073966784	2000	10101.29644025013	8527.251280566998	4253.627326603986	1.4342263782915496e-05	0.00010039584648040846	2.8684527565830992e-05	2.8684527565830992e-05	9.89971936686612e-05	0.00011727108385781117	0.0002350934680491581	9.884353069091628e-05	10117.0	3143.0	4642.29493579669	21550902.270923592	10101.29655498824	8527.251392776425	4253.627360651361	1.4342263782915496e-05	0.00010039584648040846	2.8684527565830992e-05	2.8684527565830992e-05	9.899719254417674e-05	0.00011727108231465024	0.00023509346616739583	9.884353069091628e-05	10117.0	3143.0	4642.294940031214	21550902.31023941	0.9966794397099131	0.0033208879570105765	10101.296497619183	8527.251336673724	4253.627343629187	1.4342263782915496e-05	0.00010039584648040846	2.8684527565830992e-05	2.8684527565830992e-05	9.899719310641899e-05	0.00011727108308620302	0.00023509346710819335	9.884353069091628e-05	10117.0	3143.0	4642.294937910862	21550902.290552817		10136.179938041421	8738.28913784603	4598.994245776107	2.8684527565830992e-05	8.605358269749297e-05	2.8684527565830992e-05	2.8684527565830992e-05	9.865649644270487e-05	0.00011443887747647796	0.00021743884566031765	9.856100926473487e-05	10146.0	2835.0	4410.543194279934	19452891.268609047	10136.180052779531	8738.28923315964	4598.994270253278	2.8684527565830992e-05	8.605358269749297e-05	2.8684527565830992e-05	2.8684527565830992e-05	9.86564953259469e-05	0.00011443887622822647	0.00021743884450304557	9.856100926473487e-05	10146.0	2835.0	4410.543229856595	19452891.582433846	0.9975443881484368	0.00245585354250788	10136.179995410475	8738.2891855041	4598.9942580154175	2.8684527565830992e-05	8.605358269749297e-05	2.8684527565830992e-05	2.8684527565830992e-05	9.86564958843259e-05	0.00011443887685233565	0.00021743884508164735	9.856100926473487e-05	10146.0	2835.0	4410.543212065013	19452891.425492764	3593354317.0	30.0	10066.412942458837	8321.31018496549	3956.508625909121	0.0	0.00011473811026332397	2.8684527565830992e-05	2.8684527565830992e-05	9.93402521549785e-05	0.00012017338349034842	0.0002527480904379986	9.921127040031748e-05	10079.5	3466.5	4862.764600142786	23646479.556401823	10066.413057196947	8321.310313199057	3956.508666707294	0.0	0.00011473811026332397	2.8684527565830992e-05	2.8684527565830992e-05	9.934025102268711e-05	0.00012017338163844516	0.0002527480878317461	9.921127040031748e-05	10079.5	3466.5	4862.764575959715	23646479.321208667	0.995810010860814	0.004190403670750076	10066.412999827893	8321.310249084992	3956.50864631029	0.0	0.00011473811026332397	2.8684527565830992e-05	2.8684527565830992e-05	9.93402515888328e-05	0.00012017338256435753	0.0002527480891347393	9.921127040031748e-05	10079.5	3466.5	4862.764588048301	23646479.438776564	COMPLETE
18	-0.001626223132192628	2021-08-07 02:50:50.772326	2021-08-07 03:05:58.474906	0 days 00:15:07.702580	0	100	0.0011426314361483057	0.4702304604757142	2000	10151.430181859905	8425.89078026075	3756.272193725408	2.8684527565830992e-05	0.00014342263782915495	7.171131891457748e-05	7.171131891457748e-05	9.850828721522902e-05	0.00011868181371905389	0.00026622138876688183	9.848335631278314e-05	10154.0	3521.0	4861.839067840601	23637479.121581163	10151.430368309333	8425.890952295887	3756.27223382716	2.8684527565830992e-05	0.00014342263782915495	7.171131891457748e-05	7.171131891457748e-05	9.850828540594568e-05	0.00011868181129587488	0.00026622138592471723	9.848335631278314e-05	10154.0	3521.0	4861.839107856625	23637479.5106841	1.0016260626752493	-0.001626223132192628	10151.43027508462	8425.890866281312	3756.272213777985	2.8684527565830992e-05	0.00014342263782915495	7.171131891457748e-05	7.171131891457748e-05	9.850828631058733e-05	0.00011868181250742221	0.00026622138734567894	9.848335631278314e-05	10154.0	3521.0	4861.83908784382	23637479.316086028		10182.54159256497	8591.083198817434	3657.6891568528495	5.7369055131661984e-05	0.00017210716539498594	8.605358269749297e-05	8.605358269749297e-05	9.820730815675472e-05	0.00011639975738305624	0.00027339666032758793	9.827526902854897e-05	10175.5	3283.0	4695.351933857307	22046329.782777548	10182.541850725718	8591.08348092089	3657.6892253688256	5.7369055131661984e-05	0.00017210716539498594	8.605358269749297e-05	8.605358269749297e-05	9.820730566687818e-05	0.00011639975356086385	0.0002733966552063111	9.827526902854897e-05	10175.5	3283.0	4695.351908801459	22046329.547485508	1.00210704191459	-0.0021072492979152813	10182.541721645344	8591.083339874669	3657.689191113929	5.7369055131661984e-05	0.00017210716539498594	8.605358269749297e-05	8.605358269749297e-05	9.820730691181643e-05	0.0001163997554718854	0.0002733966577667184	9.827526902854897e-05	10175.5	3283.0	4695.351921322512	22046329.665067006	147207041.0	50.0	10120.31877115484	8263.874740574716	3860.316498023773	0.0	0.00011473811026332397	5.7369055131661984e-05	5.7369055131661984e-05	9.881111678519677e-05	0.00012100861053594024	0.00025904611720617567	9.870206780832058e-05	10131.5	3766.5	5022.618104199509	25226692.620632667	10120.31888589295	8263.874806670072	3860.3165064144046	0.0	0.00011473811026332397	5.7369055131661984e-05	5.7369055131661984e-05	9.881111566493556e-05	0.00012100860956810041	0.0002590461166431233	9.870206780832058e-05	10131.5	3766.5	5022.618204204497	25226693.6252064	1.001142591975869	-0.0011427050168393293	10120.318828523894	8263.874773622967	3860.3165022192375	0.0	0.00011473811026332397	5.7369055131661984e-05	5.7369055131661984e-05	9.881111622506616e-05	0.00012100861005201194	0.0002590461169246395	9.870206780832058e-05	10131.5	3766.5	5022.618154199147	25226693.122890852	COMPLETE
19	-0.0014422289860105408	2021-08-07 03:05:58.475629	2021-08-07 03:13:30.770167	0 days 00:07:32.294538	0	25	0.0010611129489190149	0.7820741143908525	2000	10149.565615856807	8479.889256965325	4325.828528285135	0.0	0.00014342263782915495	4.3026791348746485e-05	5.7369055131661984e-05	9.852638406885967e-05	0.00011792606833616448	0.0002311695883138541	9.851246182642104e-05	10151.0	3514.0	4816.417401412687	23197876.584630936	10149.565759279445	8479.889393210142	4325.828580107782	0.0	0.00014342263782915495	4.3026791348746485e-05	5.7369055131661984e-05	9.852638267659184e-05	0.00011792606644146813	0.00023116958554448408	9.851246182642104e-05	10151.0	3514.0	4816.417466293726	23197877.20961927	1.0014420866834874	-0.0014422289860105408	10149.565687568125	8479.889325090679	4325.828554199596	0.0	0.00014342263782915495	4.3026791348746485e-05	5.7369055131661984e-05	9.852638337272576e-05	0.00011792606738877534	0.00023116958692900142	9.851246182642104e-05	10151.0	3514.0	4816.417433849484	23197876.89708925		10173.060639091274	8676.986115812078	5183.54832071965	0.0	8.605358269749297e-05	2.8684527565830992e-05	2.8684527565830992e-05	9.82988340949599e-05	0.00011524738966421754	0.00019291804341879204	9.82994200334218e-05	10173.0	3246.5	4613.271343085636	21282272.484935142	10173.060725144856	8676.986228585225	5183.548411150659	0.0	8.605358269749297e-05	2.8684527565830992e-05	2.8684527565830992e-05	9.829883326345334e-05	0.00011524738816636905	0.00019291804005318764	9.82994200334218e-05	10173.0	3246.5	4613.2713777893105	21282272.80513008	1.00117397267366	-0.0011740882206525693	10173.060682118066	8676.986172202303	5183.548365942262	0.0	8.605358269749297e-05	2.8684527565830992e-05	2.8684527565830992e-05	9.829883367920661e-05	0.00011524738891524478	0.00019291804173572532	9.82994200334218e-05	10173.0	3246.5	4613.271360435142	21282272.645011105	4123365193.0	30.0	10126.07059262234	8287.269433260572	3711.661324000792	0.0	0.00020079169296081692	5.7369055131661984e-05	8.605358269749297e-05	9.875498998877025e-05	0.00012066700715516095	0.0002694211332089163	9.877518767285657e-05	10124.0	3805.0	5011.225065000888	25112376.652093157	10126.070793414032	8287.269591852573	3711.661353938845	0.0	0.00020079169296081692	5.7369055131661984e-05	8.605358269749297e-05	9.875498803053966e-05	0.00012066700484597792	0.0002694211310357805	9.877518767285657e-05	10124.0	3805.0	5011.225158308736	25112377.58726642	1.0017115895169622	-0.0017117588510238146	10126.070693018186	8287.269512558833	3711.661338970795	0.0	0.00020079169296081692	5.7369055131661984e-05	8.605358269749297e-05	9.875498900965494e-05	0.00012066700600053652	0.0002694211321222775	9.877518767285657e-05	10124.0	3805.0	5011.225111649805	25112377.1196296	COMPLETE
20		2021-08-07 03:13:30.770882	2021-08-07 03:18:07.546244	0 days 00:04:36.775362	1	100	0.02893994980819889	0.6433560233331125	1000																																																CUDA out of memory. Tried to allocate 1.95 GiB (GPU 0; 11.78 GiB total capacity; 2.05 GiB already allocated; 29.69 MiB free; 4.00 GiB reserved in total by PyTorch)																																																																																																	FAIL
21		2021-08-07 03:18:07.546404	2021-08-07 03:27:04.366023	0 days 00:08:56.819619	1	100	0.016471742171762647	0.6128829870069695	1000																																																CUDA out of memory. Tried to allocate 1.95 GiB (GPU 0; 11.78 GiB total capacity; 2.05 GiB already allocated; 17.69 MiB free; 4.00 GiB reserved in total by PyTorch)																																																																																																	FAIL
22		2021-08-07 03:27:04.366176	2021-08-07 03:35:05.045294	0 days 00:08:00.679118	1	100	0.025569000725913428	0.6107361739194082	1000																																																CUDA out of memory. Tried to allocate 1.95 GiB (GPU 0; 11.78 GiB total capacity; 2.05 GiB already allocated; 17.69 MiB free; 4.00 GiB reserved in total by PyTorch)																																																																																																	FAIL
23		2021-08-07 03:35:05.045451	2021-08-07 03:44:06.128883	0 days 00:09:01.083432	1	100	0.013156521408037783	0.38247232818557364	1000																																																CUDA out of memory. Tried to allocate 1000.00 MiB (GPU 0; 11.78 GiB total capacity; 1.06 GiB already allocated; 229.69 MiB free; 2.05 GiB reserved in total by PyTorch)																																																																																																	FAIL
24	-0.00047825117869648714	2021-08-07 03:44:06.129040	2021-08-07 03:52:12.581026	0 days 00:08:06.451986	1	100	0.021379126583208848	0.3716845531183286	1000	10139.796727095405	8538.266360241592	3717.241810585873	2.8684527565830992e-05	0.00014342263782915495	8.605358269749297e-05	8.605358269749297e-05	9.862130641414298e-05	0.00011711979432458286	0.0002690166663767269	9.860474288813292e-05	10141.5	3191.5	4674.08915258847	21847109.406345204	10139.796841833515	8538.266494987703	3717.2418613095833	2.8684527565830992e-05	0.00014342263782915495	8.605358269749297e-05	8.605358269749297e-05	9.862130529818153e-05	0.00011711979247626426	0.0002690166627058537	9.860474288813292e-05	10141.5	3191.5	4674.089175376787	21847109.619374454	1.000478203990386	-0.00047825117869648714	10139.796784464459	8538.266427618568	3717.2418359518992	2.8684527565830992e-05	0.00014342263782915495	8.605358269749297e-05	8.605358269749297e-05	9.862130585616226e-05	0.00011711979340036978	0.00026901666454098844	9.860474288813292e-05	10141.5	3191.5	4674.089163979561	21847109.512831148		10165.41750329872	8770.416101471441	3577.1752219485616	5.7369055131661984e-05	0.00020079169296081692	0.00011473811026332397	0.00011473811026332397	9.837274265178935e-05	0.00011401967574061016	0.0002795501863773056	9.839130220888473e-05	10163.5	2794.0	4400.56504381461	19364972.70484308	10165.417646721358	8770.416242408417	3577.1752491989323	5.7369055131661984e-05	0.00020079169296081692	0.00011473811026332397	0.00011473811026332397	9.837274126386031e-05	0.00011401967390836094	0.00027955018424773533	9.839130220888473e-05	10163.5	2794.0	4400.565057362478	19364972.824079625	1.0004217821435903	-0.0004218236570423528	10165.41757501004	8770.416171942281	3577.1752355747676	5.7369055131661984e-05	0.00020079169296081692	0.00011473811026332397	0.00011473811026332397	9.837274195782482e-05	0.00011401967482445496	0.0002795501853124407	9.839130220888473e-05	10163.5	2794.0	4400.565050584471	19364972.7644255	3077053518.0	30.0	10114.17595089209	8312.26153867457	3868.724185772587	0.0	8.605358269749297e-05	5.7369055131661984e-05	5.7369055131661984e-05	9.887112947761188e-05	0.00012030420305560487	0.00025848314637614807	9.888262632255513e-05	10113.0	3618.0	4932.335477185307	24327933.259500813	10114.176036945672	8312.261667458806	3868.724263783369	0.0	8.605358269749297e-05	5.7369055131661984e-05	5.7369055131661984e-05	9.887112863639507e-05	0.0001203042011916976	0.00025848314116397195	9.888262632255513e-05	10113.0	3618.0	4932.335507990418	24327933.563383088	1.0005349181008907	-0.0005349710223732096	10114.17599391888	8312.261603072107	3868.7242247858194	0.0	8.605358269749297e-05	5.7369055131661984e-05	5.7369055131661984e-05	9.887112905700348e-05	0.0001203042021235728	0.0002584831437695361	9.888262632255513e-05	10113.0	3618.0	4932.335492585682	24327933.411420442	COMPLETE
25	0.002131772723573233	2021-08-07 03:52:12.581764	2021-08-07 04:03:36.816365	0 days 00:11:24.234601	2	50	0.002014360040554791	0.018415497103635048	2000	10113.346853307326	8388.531455111233	4005.304021544709	0.0	0.00017210716539498594	2.8684527565830992e-05	7.171131891457748e-05	9.88792349856936e-05	0.00011921037732900053	0.000249668937643923	9.921619208254787e-05	10079.0	3526.0	4859.5610581125775	23615333.677524235	10113.347011072228	8388.531643310112	4005.3040868069743	0.0	0.00017210716539498594	2.8684527565830992e-05	7.171131891457748e-05	9.88792334432099e-05	0.00011921037465448485	0.0002496689335758273	9.921619208254787e-05	10079.0	3526.0	4859.561022544929	23615333.33183792	0.9978684376151733	0.002131772723573233	10113.346932189777	8388.531549214933	4005.3040541793853	0.0	0.00017210716539498594	2.8684527565830992e-05	7.171131891457748e-05	9.887923421445175e-05	0.00011921037599168213	0.00024966893560965424	9.921619208254787e-05	10079.0	3526.0	4859.561040324696	23615333.50464164		10146.363662440479	8591.26699533332	4623.196331108785	0.0	0.00011473811026332397	0.0	2.8684527565830992e-05	9.855747667529122e-05	0.00011639726719507015	0.00021630056964510723	9.88972951589774e-05	10111.5	3247.5	4665.834812494946	21770014.49748975	10146.363863232173	8591.267208152416	4623.196411954976	0.0	0.00011473811026332397	0.0	2.8684527565830992e-05	9.855747472488585e-05	0.0001163972643117282	0.00021630056586264255	9.88972951589774e-05	10111.5	3247.5	4665.834804262784	21770014.42066993	0.9985466158170918	0.001453527230676932	10146.363762836327	8591.267101746935	4623.1963715355305	0.0	0.00011473811026332397	0.0	2.8684527565830992e-05	9.855747570008852e-05	0.00011639726575334406	0.0002163005677537041	9.88972951589774e-05	10111.5	3247.5	4665.834808373486	21770014.45902965	2702220421.0	50.0	10080.330044174172	8190.580040361147	3533.1031636594266	0.0	0.00022947622052664794	5.7369055131661984e-05	0.00011473811026332397	9.920310105103555e-05	0.00012209147521570487	0.00028303730564273864	9.963136395337252e-05	10037.0	3811.0	5045.638972240092	25458472.638188045	10080.330158912282	8190.580204983282	3533.103218006205	0.0	0.00022947622052664794	5.7369055131661984e-05	0.00011473811026332397	9.920309992186853e-05	0.00012209147276179334	0.00028303730128901195	9.963136395337252e-05	10037.0	3811.0	5045.638910777585	25458472.01795281	0.9971867464676817	0.0028135318581917756	10080.330101543228	8190.580122676666	3533.1031908361974	0.0	0.00022947622052664794	5.7369055131661984e-05	0.00011473811026332397	9.920310048645202e-05	0.00012209147398868273	0.0002830373034656044	9.963136395337252e-05	10037.0	3811.0	5045.638941505996	25458472.328041747	COMPLETE
26	0.0037413565402187876	2021-08-07 04:03:36.817097	2021-08-07 04:12:45.449469	0 days 00:09:08.632372	2	50	0.0019799923520671834	0.01029264082699431	2000	10097.03541104928	8338.876584964828	3850.1093131997977	1.4342263782915496e-05	0.00011473811026332397	2.8684527565830992e-05	4.3026791348746485e-05	9.903897127127936e-05	0.0001199202302385697	0.0002597328851343463	9.886307464162135e-05	10115.0	3565.0	4873.484921607011	23750855.281130888	10097.03556881418	8338.877126060986	3850.111604995291	1.4342263782915496e-05	0.00011473811026332397	2.8684527565830992e-05	4.3026791348746485e-05	9.903896972380799e-05	0.00011992022245714123	0.00025973273052722924	9.886307464162135e-05	10115.0	3565.0	4873.4848942794015	23750855.014769513	0.9962590126136953	0.0037413565402187876	10097.035489931732	8338.876855674043	3850.110460927232	1.4342263782915496e-05	0.00011473811026332397	2.8684527565830992e-05	4.3026791348746485e-05	9.903897049754365e-05	0.00011992022634553806	0.000259732807707332	9.886307464162135e-05	10115.0	3565.0	4873.484907939161	23750855.147910766		10118.615111009121	8511.798477122547	4542.666447686878	0.0	8.605358269749297e-05	2.8684527565830992e-05	2.8684527565830992e-05	9.882775350472549e-05	0.00011748398445848245	0.00022013502675486974	9.862905611993293e-05	10139.0	3308.5	4696.711917986749	22059102.840558764	10118.61525443176	8511.798611465154	4542.666488605023	0.0	8.605358269749297e-05	2.8684527565830992e-05	2.8684527565830992e-05	9.882775210392738e-05	0.00011748398260422046	0.0002201350247719998	9.862905611993293e-05	10139.0	3308.5	4696.711942779128	22059103.073444087	0.9958157605652886	0.0041846512639592826	10118.615182720441	8511.798544295967	4542.666468147338	0.0	8.605358269749297e-05	2.8684527565830992e-05	2.8684527565830992e-05	9.882775280432642e-05	0.00011748398353132224	0.00022013502576336753	9.862905611993293e-05	10139.0	3308.5	4696.711930379121	22059102.956965573	2139219779.0		10075.455711089438	8169.467696653184	3340.7861426496643	2.8684527565830992e-05	0.00014342263782915495	2.8684527565830992e-05	5.7369055131661984e-05	9.925109381398611e-05	0.00012240699604084042	0.00029933074351382277	9.916208042044722e-05	10084.5	3827.0	5043.974261909185	25441676.354802303	10075.455883196604	8169.468627920606	3340.7895716169846	2.8684527565830992e-05	0.00014342263782915495	2.8684527565830992e-05	5.7369055131661984e-05	9.925109211859638e-05	0.00012240698208722205	0.0002993304362824586	9.916208042044722e-05	10084.5	3827.0	5043.974186138568	25441675.59043223	0.9967045606962661	0.0032957653340799364	10075.45579714302	8169.468162600607	3340.787859887441	2.8684527565830992e-05	0.00014342263782915495	2.8684527565830992e-05	5.7369055131661984e-05	9.925109296629124e-05	0.00012240698905933035	0.0002993305896512963	9.916208042044722e-05	10084.5	3827.0	5043.974224019612	25441675.972574245	COMPLETE
27	0.0040363544659619555	2021-08-07 04:12:45.450152	2021-08-07 04:18:07.851528	0 days 00:05:22.401376	2	50	0.0005263875238327435	0.011848551257093571	4000	10094.045895244106	8475.085188070005	4592.04811859858	0.0	0.00010039584648040846	1.4342263782915496e-05	2.8684527565830992e-05	9.906830327283913e-05	0.00011799291426682706	0.000217767752900896	9.881422924901186e-05	10120.0	3363.0	4734.532587904521	22415798.825929888	10094.046096035798	8475.085451768555	4592.048270792012	0.0	0.00010039584648040846	1.4342263782915496e-05	2.8684527565830992e-05	9.906830130216333e-05	0.00011799291059552953	0.00021776774568345845	9.881422924901186e-05	10120.0	3363.0	4734.532545059347	22415798.42022614	0.9959640437949453	0.0040363544659619555	10094.045995639952	8475.085319926942	4592.048194707606	0.0	0.00010039584648040846	1.4342263782915496e-05	2.8684527565830992e-05	9.906830228750122e-05	0.00011799291243107158	0.0002177677492915934	9.881422924901186e-05	10120.0	3363.0	4734.532566476634	22415798.623027824		10117.058946704148	8651.708959270998	5027.507999701667	0.0	8.605358269749297e-05	0.0	2.8684527565830992e-05	9.88429547824046e-05	0.00011558410074906878	0.00019890570041048965	9.859016070196194e-05	10143.0	3082.5	4532.8593557755885	20546813.939242285	10117.059176180368	8651.709191565435	5027.5080911800305	0.0	8.605358269749297e-05	0.0	2.8684527565830992e-05	9.884295254043811e-05	0.00011558409764568851	0.00019890569679128755	9.859016070196194e-05	10143.0	3082.5	4532.859355557442	20546813.93726463	0.9956626160819593	0.0043378108203689925	10117.059061442258	8651.709075422143	5027.5080454442605	0.0	8.605358269749297e-05	0.0	2.8684527565830992e-05	9.884295366142134e-05	0.00011558409919732617	0.00019890569860075361	9.859016070196194e-05	10143.0	3082.5	4532.859355660189	20546813.938196104	4202452668.0	30.0	10071.032843784064	8302.067173454272	4226.01032167673	0.0	0.00011473811026332397	2.8684527565830992e-05	2.8684527565830992e-05	9.929468163905447e-05	0.00012045192830979302	0.00023662980539130242	9.909820632246556e-05	10091.0	3644.5	4927.851916559839	24283724.511542477	10071.033015891227	8302.067467177854	4226.010514835611	0.0	0.00011473811026332397	2.8684527565830992e-05	2.8684527565830992e-05	9.92946799421753e-05	0.00012045192404825552	0.0002366297945756293	9.909820632246556e-05	10091.0	3644.5	4927.851834163865	24283723.699472167	0.9962670328957003	0.003733336420935318	10071.032929837645	8302.067320327285	4226.010418274612	0.0	0.00011473811026332397	2.8684527565830992e-05	2.8684527565830992e-05	9.929468079061488e-05	0.00012045192617886142	0.00023662979998243314	9.909820632246556e-05	10091.0	3644.5	4927.851875357487	24283724.105464306	COMPLETE
28	8.494231182765155e-05	2021-08-07 04:18:07.852237	2021-08-07 04:23:46.970632	0 days 00:05:39.118395	2	50	0.00015559656469856455	0.012131671327472499	4000	10134.089352303368	8550.69161067847	4314.72060362447	0.0	0.00015776490161207045	1.4342263782915496e-05	4.3026791348746485e-05	9.867684852933637e-05	0.00011694960425787747	0.00023176471708503577	9.857558282813348e-05	10144.5	3260.5	4653.174753955795	21652035.29085157	10134.089467041478	8550.691721869034	4314.7206442680845	0.0	0.00015776490161207045	1.4342263782915496e-05	4.3026791348746485e-05	9.867684741211758e-05	0.00011694960273710081	0.00023176471490186874	9.857558282813348e-05	10144.5	3260.5	4653.174809366342	21652035.806521494	0.9999150660693	8.494231182765155e-05	10134.089409672422	8550.691666276076	4314.720623948495	0.0	0.00015776490161207045	1.4342263782915496e-05	4.3026791348746485e-05	9.867684797072699e-05	0.00011694960349745735	0.00023176471599333312	9.857558282813348e-05	10144.5	3260.5	4653.174781657986	21652035.548657853		10153.34478802134	8774.604954734723	5064.861254560387	0.0	8.605358269749297e-05	0.0	2.8684527565830992e-05	9.848971160516234e-05	0.00011396524460744026	0.00019743877467514093	9.838646202282565e-05	10164.0	2935.0	4386.5150734469635	19241514.48957742	10153.344931443979	8774.605137880968	5064.861358672871	0.0	8.605358269749297e-05	0.0	2.8684527565830992e-05	9.848971021393074e-05	0.00011396524222872278	0.00019743877061662095	9.838646202282565e-05	10164.0	2935.0	4386.51505889566	19241514.3619184	0.9992336551193942	0.0007664203072731413	10153.34485973266	8774.605046312288	5064.86130662262	0.0	8.605358269749297e-05	0.0	2.8684527565830992e-05	9.848971090954653e-05	0.00011396524341802381	0.0001974387726456474	9.838646202282565e-05	10164.0	2935.0	4386.515066167226	19241514.42571206	3743411111.0	30.0	10114.833916585394	8332.49216324836	3758.117635162807	0.0	0.00022947622052664794	2.8684527565830992e-05	5.7369055131661984e-05	9.886469795221155e-05	0.00012001211407202302	0.00026609065949493053	9.879470460383324e-05	10122.0	3616.0	4905.284349404869	24061814.54851635	10114.834002638976	8332.49220603633	3758.1176395102016	0.0	0.00022947622052664794	2.8684527565830992e-05	5.7369055131661984e-05	9.886469711110419e-05	0.00012001211345575185	0.00026609065918711654	9.879470460383324e-05	10122.0	3616.0	4905.284467317453	24061815.70530587	1.0006000067103298	-0.0006000660712759398	10114.833959612186	8332.492184642655	3758.1176373365706	0.0	0.00022947622052664794	2.8684527565830992e-05	5.7369055131661984e-05	9.886469753165786e-05	0.00012001211376388296	0.0002660906593410188	9.879470460383324e-05	10122.0	3616.0	4905.284408358969	24061815.1268896	COMPLETE
29	0.0009395743270063095	2021-08-07 04:23:46.971344	2021-08-07 04:29:03.473516	0 days 00:05:16.502172	2	50	0.0004624651566233393	0.07133364807347052	4000	10125.428532499569	8395.023032453075	4162.7395899141	0.0	0.00015776490161207045	4.3026791348746485e-05	5.7369055131661984e-05	9.876125210802703e-05	0.00011911819611861078	0.00024022641301485673	9.884353069091628e-05	10117.0	3606.0	4895.615737814693	23967053.4523389	10125.42869026447	8395.023204123549	4162.739648809444	0.0	0.00015776490161207045	4.3026791348746485e-05	5.7369055131661984e-05	9.876125056922212e-05	0.00011911819368275365	0.00024022640961608133	9.884353069091628e-05	10117.0	3606.0	4895.615740017133	23967053.473903507	0.9990605183793522	0.0009395743270063095	10125.42861138202	8395.023118291852	4162.739619364625	0.0	0.00015776490161207045	4.3026791348746485e-05	5.7369055131661984e-05	9.876125133862457e-05	0.00011911819490063196	0.0002402264113153044	9.884353069091628e-05	10117.0	3606.0	4895.615738911885	23967053.463081766		10157.802392289599	8541.096407030433	4752.913297322011	0.0	0.00014342263782915495	2.8684527565830992e-05	2.8684527565830992e-05	9.844649082355273e-05	0.0001170809873047294	0.00021039727372334808	9.862419251442379e-05	10139.5	3490.5	4785.745352246589	22903358.576549836	10157.802621765819	8541.096664335011	4752.913408853912	0.0	0.00014342263782915495	2.8684527565830992e-05	2.8684527565830992e-05	9.844648859953545e-05	0.00011708098377760926	0.0002103972687861641	9.862419251442379e-05	10139.5	3490.5	4785.745340664161	22903358.465688728	0.9996723510625931	0.00032768118589976414	10157.802507027709	8541.096535687986	4752.913353093203	0.0	0.00014342263782915495	2.8684527565830992e-05	2.8684527565830992e-05	9.844648971154407e-05	0.00011708098554109715	0.00021039727125452402	9.862419251442379e-05	10139.5	3490.5	4785.745346449383	22903358.521061927	1468754126.0	30.0	10093.05467270954	8251.447865335676	3702.9418260786097	0.0	0.00017210716539498594	5.7369055131661984e-05	8.605358269749297e-05	9.907803261027456e-05	0.0001211908523594991	0.00027005555230636536	9.907366126715212e-05	10093.5	3730.5	5002.864398975106	25028652.194532555	10093.054758763123	8251.447954225889	3702.9418515875486	0.0	0.00017210716539498594	5.7369055131661984e-05	8.605358269749297e-05	9.907803176553333e-05	0.00012119085105394877	0.0002700555504459984	9.907366126715212e-05	10093.5	3730.5	5002.864413437223	25028652.339236576	0.9984455164186117	0.0015546373723621665	10093.054715736333	8251.447909782688	3702.9418388344097	0.0	0.00017210716539498594	5.7369055131661984e-05	8.605358269749297e-05	9.907803218790394e-05	0.00012119085170669596	0.0002700555513760848	9.907366126715212e-05	10093.5	3730.5	5002.864406204015	25028652.266863048	COMPLETE
30	0.0012460713119326616	2021-08-07 04:29:03.474241	2021-08-07 04:35:21.863236	0 days 00:06:18.388995	1	75	0.00011340955360522758	0.11923263657865736	4000	10122.32252882795	8718.203413047922	4227.758183607092	2.8684527565830992e-05	0.00015776490161207045	2.8684527565830992e-05	5.7369055131661984e-05	9.879155669581185e-05	0.00011470253131549675	0.00023653197665785306	9.863878477017163e-05	10138.0	2921.0	4401.583312771716	19373935.65927043	10122.32264356606	8718.203577215587	4227.758258179566	2.8684527565830992e-05	0.00015776490161207045	2.8684527565830992e-05	5.7369055131661984e-05	9.87915555759941e-05	0.00011470252915559689	0.0002365319724857189	9.863878477017163e-05	10138.0	2921.0	4401.583249823417	19373935.10512607	0.9987540516360134	0.0012460713119326616	10122.322586197006	8718.2034951363	4227.758220898741	2.8684527565830992e-05	0.00015776490161207045	2.8684527565830992e-05	5.7369055131661984e-05	9.879155613590296e-05	0.00011470253023548701	0.00023653197457148322	9.863878477017163e-05	10138.0	2921.0	4401.583281294309	19373935.382169574		10156.046841833515	8932.431921931466	5347.989018499464	0.0	8.605358269749297e-05	0.0	2.8684527565830992e-05	9.846350805324423e-05	0.00011195159490045901	0.0001869861730345474	9.844942160964804e-05	10157.5	2620.5	4145.913314501661	17188597.211362153	10156.046927887097	8932.432092670613	5347.989178702264	0.0	8.605358269749297e-05	0.0	2.8684527565830992e-05	9.84635072189494e-05	0.00011195159276055807	0.00018698616743324426	9.844942160964804e-05	10157.5	2620.5	4145.913224781828	17188596.467420857	0.9994995728521041	0.0005004764018975427	10156.046884860307	8932.43200730729	5347.989098614924	0.0	8.605358269749297e-05	0.0	2.8684527565830992e-05	9.846350763609681e-05	0.0001119515938304302	0.00018698617023340418	9.844942160964804e-05	10157.5	2620.5	4145.913269639151	17188596.839369994	1362020449.0	30.0	10088.598215822385	8509.112794317905	3495.5528493586426	5.7369055131661984e-05	0.00022947622052664794	5.7369055131661984e-05	8.605358269749297e-05	9.912179854993697e-05	0.00011752106525932595	0.00028607778028115873	9.892175289346128e-05	10109.0	3242.0	4642.951588009864	21556999.44860332	10088.598359245023	8509.112952131045	3495.552882874632	5.7369055131661984e-05	0.00022947622052664794	5.7369055131661984e-05	8.605358269749297e-05	9.91217971407908e-05	0.00011752106307973705	0.00028607777753819353	9.892175289346128e-05	10109.0	3242.0	4642.95154918995	21556999.088125356	0.9980046686392751	0.001995528766446486	10088.598287533705	8509.1128732274	3495.552866118028	5.7369055131661984e-05	0.00022947622052664794	5.7369055131661984e-05	8.605358269749297e-05	9.912179784536387e-05	0.0001175210641694911	0.0002860777789095623	9.892175289346128e-05	10109.0	3242.0	4642.951568596047	21556999.268328488	COMPLETE
31		2021-08-07 04:35:21.863958	2021-08-07 04:39:07.005500	0 days 00:03:45.141542	2	50	0.0017738565027239806	0.3337078815693387	2000																																																CUDA out of memory. Tried to allocate 1.95 GiB (GPU 0; 11.78 GiB total capacity; 1.99 GiB already allocated; 1.94 GiB free; 2.08 GiB reserved in total by PyTorch)																																																																																																	FAIL
32	-0.0009804458753335243	2021-08-07 04:39:07.005674	2021-08-07 04:48:56.180741	0 days 00:09:49.175067	2	50	0.0017760216825472813	0.3638977461270042	2000	10144.885921633871	8383.393805482034	3795.8168093329573	0.0	0.00020079169296081692	5.7369055131661984e-05	0.00010039584648040846	9.857183291410992e-05	0.00011928343379814559	0.0002634479086401778	9.842035332906845e-05	10160.5	3664.0	4913.252699238948	24140052.086578805	10144.886079398771	8383.39422955597	3795.8178724674567	0.0	0.00020079169296081692	5.7369055131661984e-05	0.00010039584648040846	9.857183138120208e-05	0.00011928342776419396	0.0002634478348535605	9.842035332906845e-05	10160.5	3664.0	4913.252671416311	24140051.81317952	1.0009803491362421	-0.0009804458753335243	10144.886000516322	8383.394017596333	3795.8173414614134	0.0	0.00020079169296081692	5.7369055131661984e-05	0.00010039584648040846	9.857183214765599e-05	0.00011928343078006939	0.0002634478717079136	9.842035332906845e-05	10160.5	3664.0	4913.252685323616	24140051.94983972		10168.488296712752	8562.187839219932	4406.47670721987	0.0	0.00017210716539498594	2.8684527565830992e-05	8.605358269749297e-05	9.834303495469213e-05	0.00011679257904380501	0.00022693867832355319	9.809691975671964e-05	10194.0	3406.0	4736.520914342272	22434630.372001752	10168.48844013539	8562.188019881976	4406.4768034529025	0.0	0.00017210716539498594	2.8684527565830992e-05	8.605358269749297e-05	9.834303356760126e-05	0.00011679257657948327	0.00022693867336744014	9.809691975671964e-05	10194.0	3406.0	4736.5208989724115	22434630.226402424	1.0007239919246635	-0.0007240631827869493	10168.488368424072	8562.187929556261	4406.476755344032	0.0	0.00017210716539498594	2.8684527565830992e-05	8.605358269749297e-05	9.834303426114667e-05	0.00011679257781157174	0.00022693867584510285	9.809691975671964e-05	10194.0	3406.0	4736.520906653558	22434630.299166244	3255257585.0		10121.283546554989	8208.33331591543	3333.8096351959566	0.0	0.00022947622052664794	8.605358269749297e-05	0.00011473811026332397	9.880169796649685e-05	0.00012182741142602779	0.00029995713895680234	9.876543209876543e-05	10125.0	3903.0	5083.734813789674	25844359.65693713	10121.283718662153	8208.333973156694	3333.811220284285	0.0	0.00022947622052664794	8.605358269749297e-05	0.00011473811026332397	9.880169628642537e-05	0.00012182740167130751	0.0002999569963396808	9.876543209876543e-05	10125.0	3903.0	5083.734774463744	25844359.25709193	1.0012380342715563	-0.001238156754996167	10121.28363260857	8208.333644682374	3333.810428601483	0.0	0.00022947622052664794	8.605358269749297e-05	0.00011473811026332397	9.88016971264611e-05	0.0001218274065464959	0.0002999570675707242	9.876543209876543e-05	10125.0	3903.0	5083.734794122477	25844359.456971508	COMPLETE
33		2021-08-07 04:48:56.181522	2021-08-07 04:56:44.681979	0 days 00:07:48.500457	2	50	0.0006662274251501839	0.01673676738827865	1000																																																CUDA out of memory. Tried to allocate 1.95 GiB (GPU 0; 11.78 GiB total capacity; 2.03 GiB already allocated; 41.69 MiB free; 3.97 GiB reserved in total by PyTorch)																																																																																																	FAIL
34		2021-08-07 04:56:44.682147	2021-08-07 05:02:57.284214	0 days 00:06:12.602067	2	50	0.0007284486208307179	0.7433949166989879	1000																																																CUDA out of memory. Tried to allocate 1.95 GiB (GPU 0; 11.78 GiB total capacity; 2.03 GiB already allocated; 53.69 MiB free; 3.97 GiB reserved in total by PyTorch)																																																																																																	FAIL
35		2021-08-07 05:02:57.284382	2021-08-07 05:08:01.025770	0 days 00:05:03.741388	2	50	0.0005566750346238686	0.036019324510044325	1000																																																CUDA out of memory. Tried to allocate 1.95 GiB (GPU 0; 11.78 GiB total capacity; 1.99 GiB already allocated; 255.69 MiB free; 2.02 GiB reserved in total by PyTorch)																																																																																																	FAIL
36	-0.001703636213884252	2021-08-07 05:08:01.025938	2021-08-07 05:15:35.006810	0 days 00:07:33.980872	2	50	0.0008472446429693814	0.8006014300716469	1000	10152.214746715621	8385.882092252969	3817.775898265531	2.8684527565830992e-05	0.00014342263782915495	2.8684527565830992e-05	8.605358269749297e-05	9.850067447829682e-05	0.00011924803962171354	0.0002619326085782861	9.84348853233586e-05	10159.0	3590.5	4909.482831061448	24103021.66848714	10152.214804084677	8385.882167342497	3817.7759248162542	2.8684527565830992e-05	0.00014342263782915495	2.8684527565830992e-05	8.605358269749297e-05	9.850067392168028e-05	0.00011924803855393331	0.00026193260675667576	9.84348853233586e-05	10159.0	3590.5	4909.482813858095	24103021.499568	1.0017034681187107	-0.001703636213884252	10152.214775400149	8385.882129799647	3817.7759115424715	2.8684527565830992e-05	0.00014342263782915495	2.8684527565830992e-05	8.605358269749297e-05	9.850067419998854e-05	0.0001192480390877962	0.0002619326076673726	9.84348853233586e-05	10159.0	3590.5	4909.482822458312	24103021.584013227		10176.561356204464	8575.680890878131	4156.20843482495	2.8684527565830992e-05	0.00014342263782915495	2.8684527565830992e-05	5.7369055131661984e-05	9.82650194891537e-05	0.00011660881657381752	0.00024060390995335576	9.828009828009828e-05	10175.0	3278.0	4698.762670471788	22078370.633419167	10176.561442258046	8575.680974543104	4156.208457733571	2.8684527565830992e-05	0.00014342263782915495	2.8684527565830992e-05	5.7369055131661984e-05	9.82650186582191e-05	0.00011660881543617336	0.00024060390862717018	9.828009828009828e-05	10175.0	3278.0	4698.76267457302	22078370.671960607	1.0015184930661885	-0.0015186425222286637	10176.561399231256	8575.680932712043	4156.2084462801595	2.8684527565830992e-05	0.00014342263782915495	2.8684527565830992e-05	5.7369055131661984e-05	9.826501907368639e-05	0.00011660881600497605	0.00024060390929021093	9.828009828009828e-05	10175.0	3278.0	4698.762672520114	22078370.65266837	529449589.0	30.0	10127.86813722678	8200.283961122048	3530.309204153264	2.8684527565830992e-05	0.00014342263782915495	2.8684527565830992e-05	0.00011473811026332397	9.873746246007313e-05	0.00012194699656024713	0.00028326130720321635	9.86679822397632e-05	10135.0	3913.0	5111.407554555585	26126487.18876791	10127.868165911308	8200.284027974769	3530.309233030664	2.8684527565830992e-05	0.00014342263782915495	2.8684527565830992e-05	0.00011473811026332397	9.873746218042518e-05	0.00012194699556607564	0.00028326130488618134	9.86679822397632e-05	10135.0	3913.0	5111.407517464705	26126486.8095947	1.0018894013372284	-0.0018895882628899852	10127.868151569044	8200.283994550775	3530.3092185940163	2.8684527565830992e-05	0.00014342263782915495	2.8684527565830992e-05	0.00011473811026332397	9.873746232024915e-05	0.00012194699606312619	0.0002832613060445342	9.86679822397632e-05	10135.0	3913.0	5111.407536009444	26126486.999174137	COMPLETE
37	-0.00104749777397517	2021-08-07 05:15:35.007512	2021-08-07 05:26:07.622869	0 days 00:10:32.615357	1	75	0.002079459155818683	0.05643213858923349	2000	10145.565415065113	8450.443278827586	4061.669003051806	0.0	0.00015776490161207045	2.8684527565830992e-05	0.00011473811026332397	9.856523112207267e-05	0.00011833698742236158	0.00024620420798657705	9.8405825624877e-05	10162.0	3435.0	4817.230455373488	23205709.26017787	10145.56558717228	8450.443508798524	4061.6690991889964	0.0	0.00015776490161207045	2.8684527565830992e-05	0.00011473811026332397	9.856522945003355e-05	0.00011833698420193085	0.0002462042021590761	9.8405825624877e-05	10162.0	3435.0	4817.230386613748	23205708.597714845	1.0010473944189755	-0.00104749777397517	10145.565501118697	8450.443393819209	4061.6690511273277	0.0	0.00015776490161207045	2.8684527565830992e-05	0.00011473811026332397	9.856523028605309e-05	0.00011833698581206002	0.0002462042050724067	9.8405825624877e-05	10162.0	3435.0	4817.230420989154	23205708.928903338		10166.648442430152	8635.293860032625	4399.558933113035	0.0	0.00011473811026332397	5.7369055131661984e-05	8.605358269749297e-05	9.836083205420331e-05	0.00011580381816864098	0.00022729551193724346	9.822700260301557e-05	10180.5	3158.0	4616.904616994144	21315808.242421843	10166.648643221846	8635.294051088938	4399.558984546623	0.0	0.00011473811026332397	5.7369055131661984e-05	8.605358269749297e-05	9.836083011157318e-05	0.0001158038156064757	0.00022729550928001722	9.822700260301557e-05	10180.5	3158.0	4616.904622467493	21315808.292961705	1.00054292689806	-0.0005429803350534002	10166.648542826	8635.293955563666	4399.558958831461	0.0	0.00011473811026332397	5.7369055131661984e-05	8.605358269749297e-05	9.836083108288823e-05	0.00011580381688751965	0.00022729551060854603	9.822700260301557e-05	10180.5	3158.0	4616.904619725383	21315808.267641585	3399847375.0		10124.482387700074	8269.549683676056	3771.977843313676	0.0	0.00020079169296081692	0.0	0.00014342263782915495	9.877048146331605e-05	0.00012092556889451698	0.0002651129040359107	9.868745682423764e-05	10133.0	3745.0	5009.463173818942	25094721.28984815	10124.482531122712	8269.54995080798	3771.9779713323865	0.0	0.00020079169296081692	0.0	0.00014342263782915495	9.877048006414103e-05	0.00012092556498824881	0.0002651128950381349	9.868745682423764e-05	10133.0	3745.0	5009.463036290737	25094719.91196321	1.0015544750686223	-0.0015546288587540147	10124.482459411394	8269.549817251307	3771.9779073337786	0.0	0.00020079169296081692	0.0	0.00014342263782915495	9.877048076372853e-05	0.00012092556694124703	0.0002651128995362673	9.868745682423764e-05	10133.0	3745.0	5009.463105051262	25094720.60086983	COMPLETE
38	0.0019381505035912516	2021-08-07 05:26:07.623622	2021-08-07 05:32:35.740458	0 days 00:06:28.116836	3	25	0.0002858831028683136	0.32870077095002886	2000	10115.30903275773	8350.534692852747	3688.365083502194	2.8684527565830992e-05	0.00017210716539498594	4.3026791348746485e-05	0.00011473811026332397	9.886005427630228e-05	0.00011975281066204104	0.000271122835554683	9.901970492127933e-05	10099.0	3704.0	4943.7846765095055	24441006.927690197	10115.30914749584	8350.534833886193	3688.3651235812335	2.8684527565830992e-05	0.00017210716539498594	4.3026791348746485e-05	0.00011473811026332397	9.886005315493114e-05	0.0001197528086395177	0.0002711228326085693	9.901970492127933e-05	10099.0	3704.0	4943.784641030952	24441006.576893542	0.9980620407307477	0.0019381505035912516	10115.309090126786	8350.534763372534	3688.3651035436437	2.8684527565830992e-05	0.00017210716539498594	4.3026791348746485e-05	0.00011473811026332397	9.886005371561671e-05	0.00011975280965073541	0.0002711228340814843	9.901970492127933e-05	10099.0	3704.0	4943.784658767329	24441006.752263196		10157.706184384144	8522.190672553319	4379.939877223945	2.8684527565830992e-05	5.7369055131661984e-05	2.8684527565830992e-05	5.7369055131661984e-05	9.84474232516531e-05	0.00011734072123270057	0.00022831363626703736	9.873617693522907e-05	10128.0	3573.0	4826.133467485399	23291564.24598264	10157.706299122254	8522.190764403786	4379.939899840518	2.8684527565830992e-05	5.7369055131661984e-05	2.8684527565830992e-05	5.7369055131661984e-05	9.844742213962338e-05	0.00011734071996802576	0.00022831363508810063	9.873617693522907e-05	10128.0	3573.0	4826.133512990515	23291564.685210165	0.9996628771893583	0.00033715599159034326	10157.706241753198	8522.190718479807	4379.939888532945	2.8684527565830992e-05	5.7369055131661984e-05	2.8684527565830992e-05	5.7369055131661984e-05	9.844742269563824e-05	0.00011734072060034588	0.0002283136356775318	9.873617693522907e-05	10128.0	3573.0	4826.133490234985	23291564.46556772	74303645.0	30.0	10072.911881131318	8182.336248485417	3185.4028548002348	2.8684527565830992e-05	0.0002868452756583099	5.7369055131661984e-05	0.00017210716539498594	9.92761588506706e-05	0.00012221448369163562	0.0003139320348423285	9.933445912387007e-05	10067.0	3841.0	5058.34504284412	25586854.572465688	10072.911995869428	8182.336436683238	3185.402902625011	2.8684527565830992e-05	0.0002868452756583099	5.7369055131661984e-05	0.00017210716539498594	9.927615771983984e-05	0.0001222144808806415	0.000313932030129038	9.933445912387007e-05	10067.0	3841.0	5058.3449300779075	25586853.431644868	0.9964529119806206	0.00354743894629006	10072.911938500372	8182.336342589138	3185.402878715124	2.8684527565830992e-05	0.0002868452756583099	5.7369055131661984e-05	0.00017210716539498594	9.927615828525523e-05	0.0001222144822860667	0.0003139320324854367	9.933445912387007e-05	10067.0	3841.0	5058.344986458179	25586854.002026595	COMPLETE
39	-0.0002802791299882923	2021-08-07 05:32:35.741181	2021-08-07 05:41:11.467570	0 days 00:08:35.726389	2	50	0.007103054529503241	0.5409771911602448	1000	10137.790502552923	8453.798256141523	4044.0173507192817	1.4342263782915496e-05	0.00012908037404623946	2.8684527565830992e-05	4.3026791348746485e-05	9.86408231407206e-05	0.0001182900241644067	0.00024727885992431185	9.849305623953512e-05	10153.0	3449.0	4807.636974149759	23113373.27521185	10137.790588606505	8453.79838082092	4044.017417554333	1.4342263782915496e-05	0.00012908037404623946	2.8684527565830992e-05	4.3026791348746485e-05	9.864082230341823e-05	0.00011829002241982656	0.0002472788558375601	9.849305623953512e-05	10153.0	3449.0	4807.636973986448	23113373.273641564	1.0002802514752762	-0.0002802791299882923	10137.790545579714	8453.798318485538	4044.017384142652	1.4342263782915496e-05	0.00012908037404623946	2.8684527565830992e-05	4.3026791348746485e-05	9.864082272206943e-05	0.00011829002329205621	0.00024727885788057856	9.849305623953512e-05	10153.0	3449.0	4807.636974065866	23113373.274405193		10159.832252882796	8648.173439355209	4844.256781602162	0.0	8.605358269749297e-05	0.0	2.8684527565830992e-05	9.842682193067268e-05	0.00011563135348896959	0.00020643001498142418	9.8294588882882e-05	10173.5	3162.5	4603.549830831538	21192671.04494908	10159.83231025185	8648.173534449223	4844.256839779117	0.0	8.605358269749297e-05	0.0	2.8684527565830992e-05	9.842682137489052e-05	0.00011563135221750464	0.00020643001250230918	9.8294588882882e-05	10173.5	3162.5	4603.549783154333	21192670.605980314	0.9998721097687442	0.0001279028187137765	10159.832281567322	8648.173486904896	4844.256810694263	0.0	8.605358269749297e-05	0.0	2.8684527565830992e-05	9.84268216527816e-05	0.00011563135285320127	0.0002064300137417123	9.8294588882882e-05	10173.5	3162.5	4603.549806991379	21192670.82545036	371890885.0	30.0	10115.748752223051	8263.791823406138	3470.6832529725257	2.8684527565830992e-05	0.00017210716539498594	5.7369055131661984e-05	5.7369055131661984e-05	9.88557569483167e-05	0.00012100982471117283	0.00028812770486719955	9.877518767285657e-05	10124.0	3741.5	5003.30928765746	25033103.8279594	10115.748866961161	8263.791976292921	3470.6833215650945	2.8684527565830992e-05	0.00017210716539498594	5.7369055131661984e-05	5.7369055131661984e-05	9.885575582704306e-05	0.00012100982247239395	0.000288127699172811	9.877518767285657e-05	10124.0	3741.5	5003.309331464189	25033104.26631663	1.0006905073453083	-0.0006905756598265533	10115.748809592105	8263.791899855416	3470.6832872755595	2.8684527565830992e-05	0.00017210716539498594	5.7369055131661984e-05	5.7369055131661984e-05	9.88557563876799e-05	0.00012100982359169718	0.0002881277020194449	9.877518767285657e-05	10124.0	3741.5	5003.309309557959	25033104.04710934	COMPLETE
40	0.004906871458405182	2021-08-07 05:41:11.468387	2021-08-07 05:53:55.632800	0 days 00:12:44.164413	0	100	0.0005905447197724244	0.11623759572196674	2000	10085.2241408984	8301.778638379383	3471.313400448034	1.4342263782915496e-05	0.00018644942917790143	0.00010039584648040846	0.00011473811026332397	9.915496036867648e-05	0.00012045611471461895	0.00028807540104875936	9.909820632246556e-05	10091.0	3550.0	4900.9903308832645	24019706.22341125	10085.224298663301	8301.77882334176	3471.3134683184635	1.4342263782915496e-05	0.00018644942917790143	0.00010039584648040846	0.00011473811026332397	9.915495881757835e-05	0.00012045611203087492	0.0002880753954163665	9.909820632246556e-05	10091.0	3550.0	4900.99035963818	24019706.50526638	0.9950936126950792	0.004906871458405182	10085.22421978085	8301.77873086641	3471.3134343892666	1.4342263782915496e-05	0.00018644942917790143	0.00010039584648040846	0.00011473811026332397	9.91549595931274e-05	0.0001204561133726622	0.0002880753982320635	9.909820632246556e-05	10091.0	3550.0	4900.9903452567	24019706.364299383		10113.759652343526	8490.100250000682	4012.8458220887887	0.0	0.00014342263782915495	5.7369055131661984e-05	8.605358269749297e-05	9.887519917168325e-05	0.00011778423935570368	0.0002491997062273064	9.886307464162135e-05	10115.0	3265.0	4710.3686709378735	22187573.01615303	10113.759824450692	8490.100426186515	4012.845894577342	0.0	0.00014342263782915495	5.7369055131661984e-05	8.605358269749297e-05	9.887519748911113e-05	0.00011778423691145529	0.0002491997017257316	9.886307464162135e-05	10115.0	3265.0	4710.368745295269	22187573.716654528	0.9953379157323337	0.004662543128275964	10113.759738397108	8490.100338098371	4012.8458583387182	0.0	0.00014342263782915495	5.7369055131661984e-05	8.605358269749297e-05	9.887519833039718e-05	0.00011778423813351326	0.0002491997039761679	9.886307464162135e-05	10115.0	3265.0	4710.368708112005	22187573.36636076	681931250.0	50.0	10056.688629453272	8117.634248270105	3058.561395362209	2.8684527565830992e-05	0.00022947622052664794	0.00014342263782915495	0.00014342263782915495	9.943630919140474e-05	0.00012318860020246703	0.0003269510958702123	9.941346058256288e-05	10059.0	3833.0	5084.310265890802	25850210.879842594	10056.68877287591	8117.634441532991	3058.5614586306797	2.8684527565830992e-05	0.00022947622052664794	0.00014342263782915495	0.00014342263782915495	9.943630777330202e-05	0.00012318859726961946	0.00032695108910700153	9.941346058256288e-05	10059.0	3833.0	5084.310252277522	25850210.741414312	0.9948480441744003	0.005152465528187267	10056.688701164592	8117.634344908419	3058.561427002504	2.8684527565830992e-05	0.00022947622052664794	0.00014342263782915495	0.00014342263782915495	9.943630848235336e-05	0.00012318859873593896	0.00032695109248795915	9.941346058256288e-05	10059.0	3833.0	5084.310259080636	25850210.810592603	COMPLETE
41	-0.0006547889810870622	2021-08-07 05:53:55.633553	2021-08-07 06:00:48.045016	0 days 00:06:52.411463	1	75	0.0005472183848809874	0.10735364486464385	3000	10141.585766737422	8503.401774297557	3962.8683291604125	1.4342263782915496e-05	0.00017210716539498594	2.8684527565830992e-05	7.171131891457748e-05	9.860390899417526e-05	0.00011759999427789089	0.00025234247442479715	9.850275807722617e-05	10152.0	3343.0	4732.515287417936	22396700.945644464	10141.585852791004	8503.401941201837	3962.8684470818703	1.4342263782915496e-05	0.00017210716539498594	2.8684527565830992e-05	7.171131891457748e-05	9.860390815749946e-05	0.00011759999196964503	0.0002523424669159452	9.850275807722617e-05	10152.0	3343.0	4732.515238175521	22396700.4795635	1.000654724374062	-0.0006547889810870622	10141.585809764214	8503.401857757679	3962.868388135643	1.4342263782915496e-05	0.00017210716539498594	2.8684527565830992e-05	7.171131891457748e-05	9.860390857583736e-05	0.00011759999312365757	0.0002523424706694477	9.850275807722617e-05	10152.0	3343.0	4732.515262794455	22396700.712582473		10164.78363260857	8679.27505780676	4239.507893794405	2.8684527565830992e-05	0.00011473811026332397	2.8684527565830992e-05	8.605358269749297e-05	9.837887712553029e-05	0.00011521699604398739	0.00023587643307935657	9.826078412105728e-05	10177.0	3064.0	4544.620954928236	20653579.62397283	10164.783718662153	8679.275265222554	4239.5080887365275	2.8684527565830992e-05	0.00011473811026332397	2.8684527565830992e-05	8.605358269749297e-05	9.837887629266901e-05	0.0001152169932905519	0.00023587642223322737	9.826078412105728e-05	10177.0	3064.0	4544.62087719993	20653578.91748146	1.0003593974223102	-0.00035943279561334585	10164.783675635363	8679.275161526428	4239.507991292462	2.8684527565830992e-05	0.00011473811026332397	2.8684527565830992e-05	8.605358269749297e-05	9.837887670909964e-05	0.00011521699466711338	0.00023587642765478988	9.826078412105728e-05	10177.0	3064.0	4544.620916061716	20653579.270705637	2989290685.0	40.0	10118.387900866273	8331.092315145363	3720.1202392514356	0.0	0.00022947622052664794	2.8684527565830992e-05	5.7369055131661984e-05	9.882997269895002e-05	0.00012003227934253803	0.0002688085157702377	9.886307464162135e-05	10115.0	3610.0	4913.119781295196	24138745.985354155	10118.387986919855	8331.092443094807	3720.1202969830883	0.0	0.00022947622052664794	2.8684527565830992e-05	5.7369055131661984e-05	9.882997185843341e-05	0.0001200322774990747	0.00026880851159866295	9.886307464162135e-05	10115.0	3610.0	4913.119758329078	24138745.75968358	1.0009515811117973	-0.0009516752553364594	10118.387943893063	8331.092379124413	3720.120268122032	0.0	0.00022947622052664794	2.8684527565830992e-05	5.7369055131661984e-05	9.882997227869172e-05	0.00012003227842074398	0.00026880851368410566	9.886307464162135e-05	10115.0	3610.0	4913.119769809948	24138745.872497357	COMPLETE
42		2021-08-07 06:00:48.045788	2021-08-07 06:05:55.695397	0 days 00:05:07.649609	2	50	0.00022771703310220858	0.022518752668323178	2000																																																CUDA out of memory. Tried to allocate 1.95 GiB (GPU 0; 11.78 GiB total capacity; 1.99 GiB already allocated; 869.69 MiB free; 2.08 GiB reserved in total by PyTorch)																																																																																																	FAIL
43		2021-08-07 06:05:55.695574	2021-08-07 06:12:27.494853	0 days 00:06:31.799279	2	50	0.00021998740185569273	0.1425170183821219	2000																																																CUDA out of memory. Tried to allocate 1.95 GiB (GPU 0; 11.78 GiB total capacity; 2.03 GiB already allocated; 1.76 GiB free; 4.03 GiB reserved in total by PyTorch)																																																																																																	FAIL
44		2021-08-07 06:12:27.495017	2021-08-07 06:16:03.252873	0 days 00:03:35.757856	2	50	0.0002858539619956931	0.03824362756087685	2000																																																CUDA out of memory. Tried to allocate 1.95 GiB (GPU 0; 11.78 GiB total capacity; 2.03 GiB already allocated; 1.76 GiB free; 4.03 GiB reserved in total by PyTorch)																																																																																																	FAIL
45		2021-08-07 06:16:03.253050	2021-08-07 06:20:49.457391	0 days 00:04:46.204341	2	50	0.00023010343053636516	0.013547211174237121	2000																																																CUDA out of memory. Tried to allocate 1.95 GiB (GPU 0; 11.78 GiB total capacity; 2.03 GiB already allocated; 1.76 GiB free; 4.03 GiB reserved in total by PyTorch)																																																																																																	FAIL
46		2021-08-07 06:20:49.457580	2021-08-07 06:24:02.262023	0 days 00:03:12.804443	2	50	0.00025771647202050846	0.010811277496756882	2000																																																CUDA out of memory. Tried to allocate 1.95 GiB (GPU 0; 11.78 GiB total capacity; 1.99 GiB already allocated; 1.10 GiB free; 2.08 GiB reserved in total by PyTorch)																																																																																																	FAIL
47	0.0010653322840427082	2021-08-07 06:24:02.262212	2021-08-07 06:30:46.562936	0 days 00:06:44.300724	2	50	0.00025174385737572285	0.015282050460557337	2000	10124.15412196661	8322.83746041828	3399.505681770181	2.8684527565830992e-05	0.00021513395674373242	5.7369055131661984e-05	0.00010039584648040846	9.877368399897004e-05	0.00012015133117230708	0.0002941604143692099	9.855129594954174e-05	10147.0	3664.0	4938.0272044689755	24384112.67207569	10124.154251046984	8322.837732257793	3399.5058805191097	2.8684527565830992e-05	0.00021513395674373242	5.7369055131661984e-05	0.00010039584648040846	9.877368273963087e-05	0.00012015132724793893	0.0002941603971713967	9.855129594954174e-05	10147.0	3664.0	4938.027164646359	24384112.278785355	0.9989347728306606	0.0010653322840427082	10124.154186506797	8322.837596355917	3399.505781181719	2.8684527565830992e-05	0.00021513395674373242	5.7369055131661984e-05	0.00010039584648040846	9.877368336930045e-05	0.00012015132920986484	0.00029416040576709507	9.855129594954174e-05	10147.0	3664.0	4938.0271845544	24384112.475398257		10142.76926166026	8503.524692800938	3760.632522175732	0.0	0.0002581607480924789	5.7369055131661984e-05	0.00014342263782915495	9.859240353421103e-05	0.00011759829436922754	0.0002659127139126705	9.83574309039048e-05	10167.0	3390.0	4744.890763866094	22513988.361021765	10142.769376398372	8503.524819325603	3760.6325615269307	0.0	0.0002581607480924789	5.7369055131661984e-05	0.00014342263782915495	9.859240241890359e-05	0.00011759829261947258	0.0002659127111301642	9.83574309039048e-05	10167.0	3390.0	4744.890779414268	22513988.50857054	0.9981928713838021	0.001807306480880455	10142.769319029316	8503.524756066201	3760.6325418536467	0.0	0.0002581607480924789	5.7369055131661984e-05	0.00014342263782915495	9.859240297655731e-05	0.00011759829349430954	0.0002659127125212536	9.83574309039048e-05	10167.0	3390.0	4744.890771637159	22513988.434767473	3714089402.0	40.0	10105.538982272961	8145.989562561678	3101.6589037793483	5.7369055131661984e-05	0.00017210716539498594	5.7369055131661984e-05	5.7369055131661984e-05	9.89556323273989e-05	0.00012275979392312514	0.0003224081148257494	9.876543209876543e-05	10125.0	3946.0	5123.821224074663	26253543.93627798	10105.539125695599	8145.989973483464	3101.6592079066972	5.7369055131661984e-05	0.00017210716539498594	5.7369055131661984e-05	5.7369055131661984e-05	9.895563092297331e-05	0.0001227597877305477	0.0003224080832126292	9.876543209876543e-05	10125.0	3946.0	5123.821133023329	26253543.00321647	0.9996805173078552	0.0003195142997828304	10105.539053984281	8145.989768054765	3101.6590559031692	5.7369055131661984e-05	0.00017210716539498594	5.7369055131661984e-05	5.7369055131661984e-05	9.895563162518609e-05	0.0001227597908263512	0.00032240809901293646	9.876543209876543e-05	10125.0	3946.0	5123.821178545498	26253543.469711374	COMPLETE
48		2021-08-07 06:30:46.563735	2021-08-07 06:40:29.141591	0 days 00:09:42.577856	1	75	0.0006143861662302939	0.1648483654157372	1000																																																CUDA out of memory. Tried to allocate 1.46 GiB (GPU 0; 11.78 GiB total capacity; 1.52 GiB already allocated; 1.37 GiB free; 1.54 GiB reserved in total by PyTorch)																																																																																																	FAIL
49	-0.0007429184783029896	2021-08-07 06:40:29.141781	2021-08-07 06:51:36.722962	0 days 00:11:07.581181	1	75	0.000577570391186463	0.28707400783367387	1000	10142.478859503184	8340.855082823602	3547.7153666244944	1.4342263782915496e-05	0.00022947622052664794	5.7369055131661984e-05	0.00014342263782915495	9.859522645817806e-05	0.00011989178448374064	0.00028187154172727756	9.857072449482504e-05	10145.0	3571.0	4916.580518695256	24172763.996813707	10142.47895989903	8340.855210395996	3547.7154020798	1.4342263782915496e-05	0.00022947622052664794	5.7369055131661984e-05	0.00014342263782915495	9.859522548222817e-05	0.00011989178265000998	0.00028187153891029806	9.857072449482504e-05	10145.0	3571.0	4916.580476082372	24172763.577794366	1.0007428451756757	-0.0007429184783029896	10142.478909701107	8340.855146612725	3547.71538435403	1.4342263782915496e-05	0.00022947622052664794	5.7369055131661984e-05	0.00014342263782915495	9.859522597020312e-05	0.00011989178356683325	0.0002818715403186382	9.857072449482504e-05	10145.0	3571.0	4916.580497386261	24172763.78727894		10163.653462222477	8549.434779057845	4349.407451873727	0.0	0.00011473811026332397	2.8684527565830992e-05	8.605358269749297e-05	9.838981658681336e-05	0.0001169667967348598	0.00022991637621101686	9.838646202282565e-05	10164.0	3262.5	4701.171491479894	22101013.392303288	10163.65354827606	8549.434861007136	4349.407473641282	0.0	0.00011473811026332397	2.8684527565830992e-05	8.605358269749297e-05	9.838981575376683e-05	0.0001169667956136926	0.00022991637506035036	9.838646202282565e-05	10164.0	3262.5	4701.171486571421	22101013.346152145	1.0002481725696724	-0.00024819699578948473	10163.653505249269	8549.43482003372	4349.407462758191	0.0	0.00011473811026332397	2.8684527565830992e-05	8.605358269749297e-05	9.838981617029008e-05	0.00011696679617425937	0.0002299163756356473	9.838646202282565e-05	10164.0	3262.5	4701.171489023369	22101013.3692062	800551072.0		10121.304256783891	8137.364084357731	2995.566197375769	2.8684527565830992e-05	0.0003442143307899719	8.605358269749297e-05	0.00020079169296081692	9.880149579830499e-05	0.00012288991737782474	0.00033382670724353827	9.888262632255513e-05	10113.0	3890.0	5122.852513368259	26243617.87372349	10121.304371522001	8137.364255278357	2995.566237606222	2.8684527565830992e-05	0.0003442143307899719	8.605358269749297e-05	0.00020079169296081692	9.880149467826191e-05	0.00012288991479659315	0.0003338267027602458	9.888262632255513e-05	10113.0	3890.0	5122.852436197114	26243617.083050705	1.0012400801730037	-0.0012402028588525127	10121.304314152945	8137.364169822612	2995.5662174933555	2.8684527565830992e-05	0.0003442143307899719	8.605358269749297e-05	0.00020079169296081692	9.880149523828345e-05	0.00012288991608713995	0.00033382670500162903	9.888262632255513e-05	10113.0	3890.0	5122.852474779887	26243617.478358418	COMPLETE
